md5 (JSC original),md5 (unpacked),sha256 (unpacked)
?,91038aebe528a065c3e995a418db6826,c288e79ed9d1fb654a341b92d878a3165a09fb21dfa826f3559b46738fdbbdeb
03f4e47b9c2283c32bb8f8f042ce6e41,13823095b8d31013ba41a5c98ce69b59,8b3ed808822479eb62d78d819db35362e4e79138ac82310d30e0c351a17992b6
0b8015cbb1ffdc6efe6a306ff5b1115f,454fb012cdd0736e4ed41fabf0916f46,2cf2d22d1317df6c49171be61ef35c4f6c3da17785fa73e68aa95109075f79bd
1026743185dfa10e9ddc21b5a4c578d5,975319142460fc43e3dc5e495d2313c9,94191824bb5062622663e2434d2b749a8c936eb573aaac23594dee8dda304731
201f28b5e62e52e269757930f941c774,09dbfac09f9cafdbc7d225eb144f0e69,742ad2dd3d2444bd3758b6e46dd76f9c43dfaae03bdffc3598ce7d8ab3cd3ac5
2fe27eb8c99626e8c02e4bfd02aca962,c8db5e53572e68349c76107f03544491,504345099ba4c77cbb4224101794e525f2bc9adb40904159195c17d7e345085e
376ec4dbc3363fa7131367e4c6327a46,a2aa25f0d5b23a2897576e4cf9596a7c,11e85a8306057945accc65395b780377c07d4ec9ae52d78185554bf1957e3caa
462195f7f8033df7371e899fe9bc51de,2841170a19c028c16990cdcc6fd499bc,43c57c60a8008e617b16dc6dab29372347ebe144f043200c106149c3106438ba
499184635d56a9827d2059256a35e530,30f23bb28ce56584f8f098ff0035b029,cfdb3bb9edea8de7c7a70275a2b8689619276f1e5f2b8805e67ceab1ee252f6d
533d0b93ea03cd5bab4eec0f0ebadd03,cd7afa032d5f5be0db037edb617f438b,6075cd41edb59c43c13aa3591e054cdb127b17bf34e036dae591244ea2f8868f
68ac84a8470d1f365f0bb2f37b6256d5,a6f5bb2b8a3e1abe332dd40e50d78aa3,c13fcb214a576401cd624dacf248480c38b8bcbb85e5d3da52cc204a61395d14
6e023b9b3097a2dba311cb06a91fe259,6626b8caf2734c83a93f78d31b703584,395f4c1562a1a8caeba254ccbc7d278b8194795ff5ad3824cfc0c566273835f0
7b659fa5c93af29c4e11d8c8be437058,469c60508d4470bc1cc5e4a70d0e7112,192342a5e4fcfc5e8ec430427e1dfa773fd324e3d7215047f36f1114ef930f4e
8fb3e6acb2024601eba0ba484091ff3d,e57f6ca6543616f75f7811273616fe47,0c72513efdae9785894b6e925590d0b59b652dda53b8cd882037a87e672a4a5a
af105a6d4dc10b2bfefd75e917245523,a308fa1524c9d5b8dc55d2b296a2629b,9f673e3b361f438e9986f2a7b2423d3d02dbecea0c220163566850ef6ab56626
b2dad3f88b7f6870f83eb1ad852b7f7e,576e94d705bd50811dc9525a45732bc3,59c9038227c634f4e512afaa98f2ca998b0aaac83437c218686c51acbda7873e
d064dfaaef30c057b832c79996c35e89,710cc97e64618c68ffca72ac405a48a1,88b1d75d330cf6be9a7f48cdfd51c48125a86f9bcb6bcb736fb8399e0617d680
d5b4137135cf121e3ea07b1c81fe1108,c605371a8caf11497f1879597292e338,2c29b4089845b010428f8be48e62f165e0f7f8a48e58200629c6020c7ac2cab7
e26687982d924ffebef6fbf2d9d43350,2477fd3e348c51bf575ede398253d0b3,aec3e252c429e150c42976d6badeea31e48a0356ecbd27796df83fc6d3de16ea
e27ae65977287bdfb7b0e15fd3603f85,7650ec266b414d097101da12c4384659,57f32b3942d5543177f07e49fc84f1409a49b5df7d25549e543607c223b87695
e711a90b5ece5380e1acaed56827e8d5,1b7f4288b12373c8d6488fde69c8ce0d,fa02e707af9a353f0e2d7a77489c11c2249a1d9dbccf74070130b31834e8d7c3
e81b35b76b4d97751c0724bc0c7f3b83,e81b35b76b4d97751c0724bc0c7f3b83,36d34b6405a33fcb95e1323e2ca8c688af02b315fc1bded19fa27bd1c7ca6f1c
e8b5448b4f7b013e8c6191b20d3f8291,fa0180946b9a6ad373b7a8f983e2e597,22833568125bcc55000503cfe6b470925b7d095ff7592bef79fe52e0573123cc
fd4494c555adda2eb54b88f5c9c08801,10c576a57fc040eddd84d631786b8dda,06dce0f294c62f2a2393c812ff711bde831bf420a4df484bcf5b6241fc0f00d0

