func_$C_0x100002948,func_WorkerPool_0x100002948
func_EM_0x100000906,func_FilterProps_0x100000906
func_FM_0x1000016d6,func_PingSocket_0x1000016d6
func_LM_0x100001700,func_ProxyWrap_0x100001700
func_MS_0x100000240,func_CollectModules_0x100000240
func_Oi_0x10000036a,func_Identity_0x10000036a
func_h1_0x1000002ae,func_Factory_0x1000002ae
func_i8_0x1000008fd,func_CopyProps_0x1000008fd
func_rT_0x100000234,func_BuildUrl_0x100000234
func_tT_0x100000232,func_UrlFactory_0x100000232
func_unknown_0x10000091a,func_Config_0x10000091a
func_unknown_0x1000016e2,func_Empty_0x1000016e2
func_unknown_0x1000016f2,func_DefineError_0x1000016f2
func_unknown_0x1000016f5,func_Errors_0x1000016f5
func_unknown_0x10000171e,func_DefineTypeError_0x10000171e
func_unknown_0x100001758,func_Transformer_0x100001758
func_unknown_0x100001d6b,func_DefineQueue_0x100001d6b
func_unknown_0x1000026d5,func_Empty_0x1000026d5
func_unknown_0x1000026ec,func_Empty_0x1000026ec
func_unknown_0x1000026f2,func_Empty_0x1000026f2
func_unknown_0x10000293a,func_Empty_0x10000293a
func_unknown_0x10000293c,func_Impersonation_0x10000293c
func_unknown_0x100002f2e,func_Empty_0x100002f2e
func_unknown_0x100002f2f,func_Empty_0x100002f2f
func_unknown_0x100002f44,func_DefineMaxQueue_0x100002f44
func_unknown_0x100003148,func_Empty_0x100003148
func_unknown_0x1000032ea,func_Empty_0x1000032ea
func_unknown_0x100003396,func_DefineEmitter_0x100003396
func_unknown_0x1000033db,func_Invoke_0x1000033db
func_yu_0x100001d63,func_Queue_0x100001d63
func_zM_0x100000115,func_Init_0x100000115
func_DC_0x1000026dc,func_Chain_0x1000026dc
func_Dn_0x100000907,func_Interop_0x100000907
func_VM_0x10000175c,func_Runtime_0x10000175c
func_g3_0x10000011c,func_Proxy_0x10000011c
func_hA_0x100000908,func_EsModule_0x100000908
func_k_0x1000001f7,func_Socket_0x1000001f7
func_unknown_0x1000016e7,func_Error_0x1000016e7
func_unknown_0x100001701,func_Errors_0x100001701
func_unknown_0x10000171a,func_Method_0x10000171a
func_unknown_0x10000179a,func_TypeError_0x10000179a
func_yM_0x1000003ee,func_Advertise_0x1000003ee
func_L6_0x1000003eb,func_initialize_0x1000003eb
func_eT_0x10000021c,func_connect_0x10000021c
func_p3_0x10000011f,func_proxy_0x10000011f
func_unknown_0x10000131d,func_init_0x10000131d
func_unknown_0x1000016cd,func_load_0x1000016cd
func_unknown_0x1000016ea,func_error_0x1000016ea
func_unknown_0x100001704,func_errors_0x100001704
func_unknown_0x100001730,func_define_0x100001730
func_unknown_0x100001736,func_request_0x100001736
func_unknown_0x100001739,func_error_0x100001739
func_unknown_0x10000173e,func_define_0x10000173e
func_unknown_0x1000026f1,func_files_0x1000026f1
func_unknown_0x100002972,func_workers_0x100002972
func_unknown_0x100003065,func_queue_0x100003065
func_unknown_0x100003076,func_worker_0x100003076
func_unknown_0x10000314b,func_network_0x10000314b
func_unknown_0x1000032e1,func_router_0x1000032e1
func_unknown_0x1000032e9,func_interop_0x1000032e9
func_za_0x100000242,func_create_0x100000242
func_unknown_0x1000016e1,func_Ping_0x1000016e1
func_unknown_0x100001708,func_Errors_0x100001708
func_unknown_0x1000026d4,func_Faro_0x1000026d4
func_unknown_0x100002975,func_Worker_0x100002975
func_unknown_0x100002f47,func_Secrets_0x100002f47
func_unknown_0x100001797,func_graphql_0x100001797
func_unknown_0x1000026eb,func_telemetry_0x1000026eb
func_unknown_0x100002f4a,func_secrets_0x100002f4a
func_unknown_0x100001d55,func_initError_0x100001d55
func_unknown_0x100002f4e,func_initMetamask_0x100002f4e
func_unknown_0x100002f52,func_initPhantom_0x100002f52
func_unknown_0x1000033c3,func_initTools_0x1000033c3
func_unknown_0x1000033c7,func_initMisc_0x1000033c7
func_unknown_0x100001d5c,func_initialize_0x100001d5c
func_unknown_0x100002f55,func_setupWallets_0x100002f55
func_unknown_0x1000026fc,func_screenModule_0x1000026fc
func_unknown_0x100002939,func_terminalModule_0x100002939
func_unknown_0x100002f38,func_initModule_0x100002f38
func_unknown_0x10000306c,func_queueModule_0x10000306c
func_unknown_0x10000306f,func_emptyModule_0x10000306f
func_unknown_0x100003147,func_telegramModule_0x100003147
func_unknown_0x1000032e5,func_faroModule_0x1000032e5
func_unknown_0x1000033a5,func_emitterModule_0x1000033a5
func_unknown_0x1000033b4,func_emitterAltModule_0x1000033b4
func_unknown_0x100003072,func_initModule_0x100003072
func_unknown_0x10000330c,func_binance_0x10000330c
func_unknown_0x100003315,func_bingx_0x100003315
func_unknown_0x10000331c,func_bitget_0x10000331c
func_unknown_0x100003324,func_bitrue_0x100003324
func_unknown_0x10000332d,func_bitstamp_0x10000332d
func_unknown_0x10000334e,func_bybit_0x10000334e
func_unknown_0x100003358,func_digifinex_0x100003358
func_unknown_0x100003360,func_gateio_0x100003360
func_unknown_0x100003368,func_kucoin_0x100003368
func_unknown_0x100003370,func_mexc_0x100003370
func_unknown_0x100003380,func_poloniex_0x100003380
func_unknown_0x1000033b8,func_initEmitters_0x1000033b8
func_unknown_0x10000307d,func_bootstrap_0x10000307d
func_unknown_0x10000338f,func_proxy_0x10000338f
func_unknown_0x1000033be,func_reverseProxy_0x1000033be
func_unknown_0x100003083,func_initialize_0x100003083
func_unknown_0x1000033cc,func_initializeAll_0x1000033cc
func_unknown_0x1000033d1,func_initializeAll_0x1000033d1
