func_AD_0x10000a92f,func_Queue_0x10000a92f
func_BS_0x100000522,func_SetValue_0x100000522
func_EG_0x100000559,func_Configure_0x100000559
func_ER_0x1000034e3,func_Handlers_0x1000034e3
func_GL_0x100003179,func_CopyProps_0x100003179
func_I1_0x10000066f,func_Options_0x10000066f
func_JS_0x10000706e,func_Store_0x10000706e
func_JVdWv_0x100003a3e,func_Default_0x100003a3e
func_KB_0x10000552f,func_Empty_0x10000552f
func_Lj_0x10000a8fa,func_Client_0x10000a8fa
func_NV_0x10000056e,func_Setup_0x10000056e
func_Op_0x1000004ce,func_Keys_0x1000004ce
func_S_0x10000706c,func_Inject_0x10000706c
func_Soe_0x100000001,func_Worker_0x100000001
func_Tj_0x1000005a1,func_Repair_0x1000005a1
func_Vl_0x10000066a,func_Patch_0x10000066a
func_WX_0x100000497,func_Register_0x100000497
func_aB_0x10000053a,func_Mutate_0x10000053a
func_aW_0x100000ab5,func_Create_0x100000ab5
func_cG_0x100000546,func_Patch_0x100000546
func_eS_0x100005519,func_Proxy_0x100005519
func_gEe_0x100000672,func_Configure_0x100000672
func_gS_0x1000004e4,func_Setup_0x1000004e4
func_n4_0x10000000b,func_Dispatch_0x10000000b
func_ofe_0x10000055d,func_Configure_0x10000055d
func_u2_0x100003170,func_Define_0x100003170
func_u7e_0x100000a93,func_Migrate_0x100000a93
func_ub_0x100000aa3,func_Increment_0x100000aa3
func_unknown_0x100003185,func_Init_0x100003185
func_unknown_0x100003ab2,func_Invoke_0x100003ab2
func_unknown_0x100005506,func_ErrorClass_0x100005506
func_unknown_0x10000550f,func_Status_0x10000550f
func_unknown_0x100005538,func_Empty_0x100005538
func_unknown_0x10000562c,func_Utils_0x10000562c
func_unknown_0x10000562f,func_Merge_0x10000562f
func_unknown_0x100005669,func_Helpers_0x100005669
func_unknown_0x100005901,func_Types_0x100005901
func_unknown_0x100006644,func_Empty_0x100006644
func_unknown_0x10000664c,func_Invoke_0x10000664c
func_unknown_0x100006658,func_ErrorClass_0x100006658
func_unknown_0x100006693,func_Invoke_0x100006693
func_unknown_0x1000066b3,func_Transformer_0x1000066b3
func_unknown_0x10000671b,func_Empty_0x10000671b
func_unknown_0x10000673d,func_Empty_0x10000673d
func_unknown_0x10000673e,func_Empty_0x10000673e
func_unknown_0x10000673f,func_Empty_0x10000673f
func_unknown_0x10000676f,func_Empty_0x10000676f
func_unknown_0x100006778,func_Empty_0x100006778
func_unknown_0x100006eda,func_Empty_0x100006eda
func_unknown_0x100006ee1,func_Empty_0x100006ee1
func_unknown_0x100007039,func_Empty_0x100007039
func_unknown_0x100007078,func_Empty_0x100007078
func_unknown_0x100009ee1,func_Empty_0x100009ee1
func_unknown_0x10000a8eb,func_Crypto_0x10000a8eb
func_unknown_0x10000a937,func_Class_0x10000a937
func_unknown_0x10000a95c,func_Empty_0x10000a95c
func_unknown_0x10000a996,func_Invoke_0x10000a996
func_unknown_0x10000a9a0,func_Empty_0x10000a9a0
func_unknown_0x10000b791,func_Empty_0x10000b791
func_unknown_0x10000b795,func_Empty_0x10000b795
func_unknown_0x10000b796,func_Empty_0x10000b796
func_unknown_0x10000b7b1,func_Empty_0x10000b7b1
func_unknown_0x10000b864,func_Empty_0x10000b864
func_unknown_0x10000b86d,func_Empty_0x10000b86d
func_unknown_0x10000b86e,func_Empty_0x10000b86e
func_unknown_0x10000bdb3,func_BigNumber_0x10000bdb3
func_unknown_0x10000bde2,func_Empty_0x10000bde2
func_wAe_0x1000003ef,func_Wrap_0x1000003ef
func_y4_0x100000542,func_Enum_0x100000542
func_zL_0x10000000e,func_Assign_0x10000000e
func_Di_0x10000317a,func_interopDefault_0x10000317a
func_PV_0x10000056f,func_inject_0x10000056f
func_Qm_0x1000005b2,func_queueInit_0x1000005b2
func_UAe_0x10000049e,func_proxyInit_0x10000049e
func_YC_0x100003a56,func_configure_0x100003a56
func_kV_0x10000317b,func_interopModule_0x10000317b
func_mX_0x1000066b7,func_initialize_0x1000066b7
func_r7e_0x100000a99,func_monitor_0x100000a99
func_unknown_0x10000550c,func_errorClass_0x10000550c
func_unknown_0x10000551a,func_statusCodes_0x10000551a
func_unknown_0x100006649,func_emptyClass_0x100006649
func_unknown_0x100007071,func_defineGetter_0x100007071
func_unknown_0x10000a8f1,func_emptyInit_0x10000a8f1
func_unknown_0x10000b794,func_emptyLoad_0x10000b794
func_unknown_0x10000b7a3,func_emptyState_0x10000b7a3
func_unknown_0x10000b827,func_emptyStore_0x10000b827
func_unknown_0x10000bdb6,func_bigNumber_0x10000bdb6
func_yg_0x1000005a2,func_clientInit_0x1000005a2
func_BX_0x1000004a1,func_proxyCreate_0x1000004a1
func_a7e_0x100000aaf,func_procedureInit_0x100000aaf
func_unknown_0x10000317e,func_clusterInit_0x10000317e
func_unknown_0x1000047f7,func_jwtInit_0x1000047f7
func_unknown_0x1000054fc,func_machineGuid_0x1000054fc
func_unknown_0x100005526,func_trpcInit_0x100005526
func_unknown_0x100005ca8,func_httpClient_0x100005ca8
func_unknown_0x10000664f,func_statusInit_0x10000664f
func_unknown_0x100006750,func_eventsInit_0x100006750
func_unknown_0x100006bca,func_systemInit_0x100006bca
func_unknown_0x10000701a,func_bufferInit_0x10000701a
func_unknown_0x10000703d,func_streamInit_0x10000703d
func_unknown_0x10000704d,func_replaceStream_0x10000704d
func_unknown_0x100007059,func_profileList_0x100007059
func_unknown_0x100007077,func_serverSetup_0x100007077
func_unknown_0x100009ee0,func_compilerInit_0x100009ee0
func_unknown_0x10000a93b,func_moduleInit_0x10000a93b
func_unknown_0x10000a969,func_vmInit_0x10000a969
func_unknown_0x10000b7b6,func_extensionSetup_0x10000b7b6
func_unknown_0x10000b82a,func_storeInit_0x10000b82a
func_unknown_0x10000ba65,func_certExtensions_0x10000ba65
func_unknown_0x10000ba6f,func_routerInit_0x10000ba6f
func_unknown_0x10000bdca,func_redirectRouter_0x10000bdca
func_unknown_0x10000bdd2,func_routerMap_0x10000bdd2
func_unknown_0x10000be0e,func_routerMain_0x10000be0e
func_unknown_0x10000be19,func_routerPage_0x10000be19
func_unknown_0x10000c8d3,func_registryInit_0x10000c8d3
func_zO_0x10000013b,func_clientCreate_0x10000013b
func_unknown_0x10000425b,func_bootstrap_0x10000425b
func_unknown_0x100005534,func_initialize_0x100005534
func_unknown_0x100005cc9,func_setup_0x100005cc9
func_unknown_0x100006654,func_init_0x100006654
func_unknown_0x100007050,func_stream_0x100007050
func_unknown_0x10000707b,func_route_0x10000707b
func_unknown_0x10000a91a,func_stream_0x10000a91a
func_unknown_0x10000b7b9,func_extension_0x10000b7b9
func_unknown_0x10000c8d6,func_registry_0x10000c8d6
func_x7e_0x100000ab3,func_repair_0x100000ab3
func_unknown_0x100005504,func_initFaro_0x100005504
func_unknown_0x100005537,func_createMeta_0x100005537
func_unknown_0x100006663,func_defineError_0x100006663
func_unknown_0x100007055,func_initLedger_0x100007055
func_unknown_0x100007064,func_initTrezor_0x100007064
func_unknown_0x10000a912,func_initLevel_0x10000a912
func_unknown_0x10000b7c0,func_patchMetamask_0x10000b7c0
func_unknown_0x10000b7cc,func_patchPhantom_0x10000b7cc
func_unknown_0x10000b7d3,func_patchTrust_0x10000b7d3
func_unknown_0x10000b7de,func_patchOkx_0x10000b7de
func_unknown_0x10000b7e6,func_patchTronlink_0x10000b7e6
func_unknown_0x10000b7ed,func_patchBybit_0x10000b7ed
func_unknown_0x10000b7fb,func_patchRonin_0x10000b7fb
func_unknown_0x10000b803,func_patchRainbow_0x10000b803
func_unknown_0x10000b80b,func_patchTokenpocket_0x10000b80b
func_unknown_0x10000be44,func_defineEvents_0x10000be44
func_unknown_0x10000c895,func_createDbMeta_0x10000c895
func_unknown_0x10000cdef,func_initCluster_0x10000cdef
func_unknown_0x100005929,func_systemRouter_0x100005929
func_unknown_0x100006675,func_methodInit_0x100006675
func_unknown_0x100006698,func_errorInit_0x100006698
func_unknown_0x100006e0e,func_terminalRouter_0x100006e0e
func_unknown_0x100006f11,func_processRouter_0x100006f11
func_unknown_0x100007067,func_ledgerInit_0x100007067
func_unknown_0x10000a917,func_cacheInit_0x10000a917
func_unknown_0x10000a99e,func_automationRouter_0x10000a99e
func_unknown_0x10000b7f3,func_extensionBuild_0x10000b7f3
func_unknown_0x10000ba6b,func_proxyInit_0x10000ba6b
func_unknown_0x10000bfd4,func_routerInit_0x10000bfd4
func_unknown_0x10000bfe0,func_disconnectInit_0x10000bfe0
func_unknown_0x10000bfef,func_messageInit_0x10000bfef
func_unknown_0x10000c8cf,func_statusRouter_0x10000c8cf
func_unknown_0x10000c8e7,func_recoveryInit_0x10000c8e7
func_unknown_0x10000c8f3,func_resetInit_0x10000c8f3
func_unknown_0x10000c919,func_diagnosticsInit_0x10000c919
func_unknown_0x10000d28b,func_archiveRouter_0x10000d28b
func_unknown_0x10000d2e3,func_sessionRouter_0x10000d2e3
func_unknown_0x10000d2ef,func_impersonationRouter_0x10000d2ef
func_unknown_0x10000d2f9,func_toastRouter_0x10000d2f9
func_unknown_0x10000668b,func_initError_0x10000668b
func_unknown_0x100006690,func_registerGlobal_0x100006690
func_unknown_0x10000a945,func_initStore_0x10000a945
func_unknown_0x10000b814,func_initWallets_0x10000b814
func_unknown_0x10000bff2,func_initRouter_0x10000bff2
func_unknown_0x10000c8fe,func_initAdmin_0x10000c8fe
func_unknown_0x10000d2fe,func_initRoutes_0x10000d2fe
func_unknown_0x1000066f2,func_initGraphql_0x1000066f2
func_unknown_0x100006702,func_initRuntime_0x100006702
func_unknown_0x10000673c,func_defineRpc_0x10000673c
func_unknown_0x10000676d,func_initService_0x10000676d
func_unknown_0x100006ed8,func_initApi_0x100006ed8
func_unknown_0x10000a949,func_initStore_0x10000a949
func_unknown_0x10000b82f,func_initApp_0x10000b82f
func_unknown_0x10000bde1,func_initRouter_0x10000bde1
func_unknown_0x10000bffa,func_initProcedure_0x10000bffa
func_unknown_0x10000c8a5,func_initSecrets_0x10000c8a5
func_unknown_0x10000c915,func_initMachine_0x10000c915
func_unknown_0x10000c91e,func_initDiagnostics_0x10000c91e
func_unknown_0x100006777,func_initService_0x100006777
func_unknown_0x100006ee0,func_initApi_0x100006ee0
func_unknown_0x10000a94e,func_initHello_0x10000a94e
func_unknown_0x10000a95b,func_initHashes_0x10000a95b
func_unknown_0x10000a96d,func_initStoreEmpty_0x10000a96d
func_unknown_0x10000a970,func_initStore_0x10000a970
func_unknown_0x10000a9a6,func_initServiceEmpty_0x10000a9a6
func_unknown_0x10000b78c,func_initWallet_0x10000b78c
func_unknown_0x10000b790,func_initFaroStore_0x10000b790
func_unknown_0x10000b79b,func_initStoreAll_0x10000b79b
func_unknown_0x10000b81b,func_initApplications_0x10000b81b
func_unknown_0x10000b862,func_initAccounts_0x10000b862
func_unknown_0x10000b86c,func_initWalletService_0x10000b86c
func_unknown_0x10000bdc4,func_initBalance_0x10000bdc4
func_unknown_0x10000be07,func_initGoogle_0x10000be07
func_unknown_0x10000c89d,func_initMnemonic_0x10000c89d
func_unknown_0x10000678b,func_initScreencastRouter_0x10000678b
func_unknown_0x10000679f,func_initKeydownRouter_0x10000679f
func_unknown_0x100006efa,func_initFileRouter_0x100006efa
func_unknown_0x100007038,func_initWindowRouter_0x100007038
func_unknown_0x100009ef2,func_initPageRouter_0x100009ef2
func_unknown_0x10000a557,func_initKeyClass_0x10000a557
func_unknown_0x10000a965,func_initErrorClass_0x10000a965
func_unknown_0x10000b7a0,func_initStore_0x10000b7a0
func_unknown_0x10000b824,func_initApp_0x10000b824
func_unknown_0x10000be20,func_initRouter_0x10000be20
func_unknown_0x10000c8a9,func_initDatabaseRouter_0x10000c8a9
func_unknown_0x10000c8c2,func_initNotificationRouter_0x10000c8c2
func_unknown_0x10000a953,func_bootstrap_0x10000a953
func_unknown_0x10000b7b0,func_initialize_0x10000b7b0
func_unknown_0x10000be35,func_configure_0x10000be35
func_unknown_0x10000c8bb,func_setup_0x10000c8bb
func_unknown_0x10000a98f,func_initRouter_0x10000a98f
func_unknown_0x10000b83a,func_initProfiles_0x10000b83a
func_unknown_0x10000c910,func_bootstrap_0x10000c910
func_unknown_0x10000c926,func_initialize_0x10000c926
