func_AD_0x10000a92f,func_taskQueue_0x10000a92f
func_BS_0x100000522,func_bindValue_0x100000522
func_EG_0x100000559,func_createMatcher_0x100000559
func_ER_0x1000034e3,func_handlerRegistry_0x1000034e3
func_GL_0x100003179,func_copyGetters_0x100003179
func_I1_0x10000066f,func_createSelector_0x10000066f
func_JS_0x10000706e,func_storeHolder_0x10000706e
func_JVdWv_0x100003a3e,func_coalesce_0x100003a3e
func_KB_0x10000552f,func_noop_0x10000552f
func_Lj_0x10000a8fa,func_clientBinding_0x10000a8fa
func_NV_0x10000056e,func_createResolver_0x10000056e
func_Op_0x1000004ce,func_objectKeys_0x1000004ce
func_S_0x10000706c,func_injectionToken_0x10000706c
func_Soe_0x100000001,func_setupPrimary_0x100000001
func_Tj_0x1000005a1,func_recoverDatabase_0x1000005a1
func_Vl_0x10000066a,func_preservePatches_0x10000066a
func_WX_0x100000497,func_createHandler_0x100000497
func_aB_0x10000053a,func_shadowProcedure_0x10000053a
func_aW_0x100000ab5,func_createStore_0x100000ab5
func_cG_0x100000546,func_preservePatches_0x100000546
func_eS_0x100005519,func_lazyProxy_0x100005519
func_gEe_0x100000672,func_createTransformer_0x100000672
func_gS_0x1000004e4,func_createRetry_0x1000004e4
func_n4_0x10000000b,func_initializeWorker_0x10000000b
func_ofe_0x10000055d,func_createProcedure_0x10000055d
func_u2_0x100003170,func_defineGetters_0x100003170
func_u7e_0x100000a93,func_migrateMachineGuid_0x100000a93
func_ub_0x100000aa3,func_increment_0x100000aa3
func_unknown_0x100003185,func_initializeConfig_0x100003185
func_unknown_0x100003ab2,func_initializeModule_0x100003ab2
func_unknown_0x100005506,func_initializeError_0x100005506
func_unknown_0x10000550f,func_initializeCodes_0x10000550f
func_unknown_0x100005538,func_initializeModule_0x100005538
func_unknown_0x10000562c,func_initializeUtilities_0x10000562c
func_unknown_0x10000562f,func_initializeShapes_0x10000562f
func_unknown_0x100005669,func_initializeErrors_0x100005669
func_unknown_0x100005901,func_initializeTypes_0x100005901
func_unknown_0x100005cd5,func_initializeUrl_0x100005cd5
func_unknown_0x100006644,func_initializeModule_0x100006644
func_unknown_0x10000664c,func_initializeModule_0x10000664c
func_unknown_0x100006658,func_initializeError_0x100006658
func_unknown_0x100006693,func_initializeModule_0x100006693
func_unknown_0x1000066b3,func_normalizeTransformer_0x1000066b3
func_unknown_0x10000671b,func_initializeModule_0x10000671b
func_unknown_0x10000673d,func_initializeModule_0x10000673d
func_unknown_0x10000673e,func_initializeModule_0x10000673e
func_unknown_0x10000673f,func_initializeModule_0x10000673f
func_unknown_0x10000676f,func_initializeModule_0x10000676f
func_unknown_0x100006778,func_initializeModule_0x100006778
func_unknown_0x100006eda,func_initializeModule_0x100006eda
func_unknown_0x100006ee1,func_initializeModule_0x100006ee1
func_unknown_0x100007039,func_initializeModule_0x100007039
func_unknown_0x100007078,func_initializeModule_0x100007078
func_unknown_0x100009ee1,func_initializeModule_0x100009ee1
func_unknown_0x10000a8eb,func_initializeEncryption_0x10000a8eb
func_unknown_0x10000a937,func_initializeQueue_0x10000a937
func_unknown_0x10000a95c,func_initializeModule_0x10000a95c
func_unknown_0x10000a996,func_initializeModule_0x10000a996
func_unknown_0x10000a9a0,func_initializeModule_0x10000a9a0
func_unknown_0x10000b791,func_initializeModule_0x10000b791
func_unknown_0x10000b795,func_initializeModule_0x10000b795
func_unknown_0x10000b796,func_initializeModule_0x10000b796
func_unknown_0x10000b7b1,func_initializeModule_0x10000b7b1
func_unknown_0x10000b864,func_initializeModule_0x10000b864
func_unknown_0x10000b86d,func_initializeModule_0x10000b86d
func_unknown_0x10000b86e,func_initializeModule_0x10000b86e
func_unknown_0x10000bdb3,func_initializeBigNumber_0x10000bdb3
func_unknown_0x10000bde2,func_initializeModule_0x10000bde2
func_wAe_0x1000003ef,func_bindContext_0x1000003ef
func_y4_0x100000542,func_createEnum_0x100000542
func_zL_0x10000000e,func_createWorkerHandler_0x10000000e
func_Di_0x10000317a,func_toEsm_0x10000317a
func_PV_0x10000056f,func_inject_0x10000056f
func_Qm_0x1000005b2,func_createTaskQueue_0x1000005b2
func_UAe_0x10000049e,func_createClientProxy_0x10000049e
func_YC_0x100003a56,func_axios_0x100003a56
func_kV_0x10000317b,func_toCommonJs_0x10000317b
func_mX_0x1000066b7,func_trpcUntypedClient_0x1000066b7
func_r7e_0x100000a99,func_withFailureGuard_0x100000a99
func_unknown_0x10000550c,func_initializeTrpcError_0x10000550c
func_unknown_0x10000551a,func_initializeHttpStatusCodes_0x10000551a
func_unknown_0x100006649,func_initializeTrpcClientError_0x100006649
func_unknown_0x100007071,func_initializeInjectionToken_0x100007071
func_unknown_0x10000a8f1,func_initializeInjectionToken_0x10000a8f1
func_unknown_0x10000b794,func_initializeUrl_0x10000b794
func_unknown_0x10000b7a3,func_initializeModule_0x10000b7a3
func_unknown_0x10000b827,func_initializeModule_0x10000b827
func_unknown_0x10000bdb6,func_initializeBigNumber_0x10000bdb6
func_yg_0x1000005a2,func_createClient_0x1000005a2
func_BX_0x1000004a1,func_createTrpcClient_0x1000004a1
func_a7e_0x100000aaf,func_initializeProcedures_0x100000aaf
func_unknown_0x10000317e,func_importCluster_0x10000317e
func_unknown_0x1000047f7,func_initializeLoaderToken_0x1000047f7
func_unknown_0x1000054fc,func_initializeMachineId_0x1000054fc
func_unknown_0x100005526,func_initializeTrpc_0x100005526
func_unknown_0x100005ca8,func_initializeHttpAgent_0x100005ca8
func_unknown_0x10000664f,func_initializeTrpcErrors_0x10000664f
func_unknown_0x100006750,func_initializeEvents_0x100006750
func_unknown_0x100006bca,func_initializeWindowsPaths_0x100006bca
func_unknown_0x10000701a,func_initializeBuffer_0x10000701a
func_unknown_0x10000703d,func_initializeDependency_0x10000703d
func_unknown_0x10000704d,func_initializeReplaceTransform_0x10000704d
func_unknown_0x100007059,func_initializeProfileRegistry_0x100007059
func_unknown_0x100007077,func_initializePageResolvers_0x100007077
func_unknown_0x100009ee0,func_configureFastify_0x100009ee0
func_unknown_0x10000a93b,func_initializeQueue_0x10000a93b
func_unknown_0x10000a969,func_initializeUtilities_0x10000a969
func_unknown_0x10000b7b6,func_initializeRuntimeResolvers_0x10000b7b6
func_unknown_0x10000b82a,func_initializeRuntime_0x10000b82a
func_unknown_0x10000ba65,func_initializeCertificateExtensions_0x10000ba65
func_unknown_0x10000ba6f,func_initializeMainRouter_0x10000ba6f
func_unknown_0x10000bdca,func_initializeAntivirusRedirects_0x10000bdca
func_unknown_0x10000bdd2,func_initializeSecondaryRouter_0x10000bdd2
func_unknown_0x10000be0e,func_initializeTertiaryRouter_0x10000be0e
func_unknown_0x10000be19,func_initializeQuaternaryRouter_0x10000be19
func_unknown_0x10000c8d3,func_initializeRegistry_0x10000c8d3
func_zO_0x10000013b,func_createAxios_0x10000013b
func_unknown_0x10000425b,func_initializeHttpClient_0x10000425b
func_unknown_0x100005534,func_initializeTrpcClient_0x100005534
func_unknown_0x100005cc9,func_initializeWebSocket_0x100005cc9
func_unknown_0x100006654,func_initializeTrpcErrors_0x100006654
func_unknown_0x100007050,func_initializeReplaceTransform_0x100007050
func_unknown_0x10000707b,func_initializeScriptRoute_0x10000707b
func_unknown_0x10000a8ee,func_initializeHmac_0x10000a8ee
func_unknown_0x10000a91a,func_initializeDependency_0x10000a91a
func_unknown_0x10000b7b9,func_initializeRuntimeResolvers_0x10000b7b9
func_unknown_0x10000c8c7,func_initializeTaskScheduler_0x10000c8c7
func_unknown_0x10000c8d6,func_initializeTaskCache_0x10000c8d6
func_x7e_0x100000ab3,func_initializeDatabase_0x100000ab3
func_unknown_0x100005504,func_initializeFaro_0x100005504
func_unknown_0x100005537,func_initializeTrpcRouter_0x100005537
func_unknown_0x100006663,func_initializeTrpcError_0x100006663
func_unknown_0x100007055,func_initializeLedgerLive_0x100007055
func_unknown_0x100007064,func_initializeTrezorSuite_0x100007064
func_unknown_0x10000a912,func_initializeLeveldb_0x10000a912
func_unknown_0x10000b7c0,func_initializeMetamask_0x10000b7c0
func_unknown_0x10000b7cc,func_initializePhantom_0x10000b7cc
func_unknown_0x10000b7d3,func_initializeTrustwallet_0x10000b7d3
func_unknown_0x10000b7de,func_initializeOkx_0x10000b7de
func_unknown_0x10000b7e6,func_initializeTronlink_0x10000b7e6
func_unknown_0x10000b7ed,func_initializeBybit_0x10000b7ed
func_unknown_0x10000b7fb,func_initializeRonin_0x10000b7fb
func_unknown_0x10000b803,func_initializeRainbow_0x10000b803
func_unknown_0x10000b80b,func_initializeTokenpocket_0x10000b80b
func_unknown_0x10000be44,func_initializeWebsocket_0x10000be44
func_unknown_0x10000c895,func_initializeTrpcContext_0x10000c895
func_unknown_0x10000cdef,func_initializeCluster_0x10000cdef
func_unknown_0x100005929,func_powerManagement_0x100005929
func_unknown_0x100006675,func_httpMethods_0x100006675
func_unknown_0x100006698,func_trpcErrors_0x100006698
func_unknown_0x100006e0e,func_terminal_0x100006e0e
func_unknown_0x100006f11,func_processes_0x100006f11
func_unknown_0x100007067,func_walletIntegrations_0x100007067
func_unknown_0x10000a917,func_cache_0x10000a917
func_unknown_0x10000a99e,func_faro_0x10000a99e
func_unknown_0x10000b7f3,func_rabbyExtension_0x10000b7f3
func_unknown_0x10000ba6b,func_proxyCertificates_0x10000ba6b
func_unknown_0x10000bfd4,func_websocketRouter_0x10000bfd4
func_unknown_0x10000bfe0,func_websocketDisconnect_0x10000bfe0
func_unknown_0x10000bfef,func_websocketMessages_0x10000bfef
func_unknown_0x10000c8cf,func_taskScheduler_0x10000c8cf
func_unknown_0x10000c8e7,func_taskLoader_0x10000c8e7
func_unknown_0x10000c8f3,func_recovery_0x10000c8f3
func_unknown_0x10000c919,func_diagnostics_0x10000c919
func_unknown_0x10000d28b,func_archiveWorker_0x10000d28b
func_unknown_0x10000d2e3,func_sessionsWorker_0x10000d2e3
func_unknown_0x10000d2ef,func_securityImpersonation_0x10000d2ef
func_unknown_0x10000d2f9,func_fullImpersonation_0x10000d2f9
func_unknown_0x10000668b,func_initializeTrpc_0x10000668b
func_unknown_0x100006690,func_initializeHandler_0x100006690
func_unknown_0x10000a945,func_initializeQueue_0x10000a945
func_unknown_0x10000b814,func_initializeWallets_0x10000b814
func_unknown_0x10000bff2,func_initializeWebsocket_0x10000bff2
func_unknown_0x10000c8fe,func_initializeSystemRouter_0x10000c8fe
func_unknown_0x10000d2fe,func_initializeWorkers_0x10000d2fe
func_unknown_0x1000066f2,func_initializeClient_0x1000066f2
func_unknown_0x100006702,func_initializeTrpcClient_0x100006702
func_unknown_0x10000673c,func_initializeRpcClient_0x10000673c
func_unknown_0x10000676d,func_WorkerPool_0x10000676d
func_unknown_0x100006ed8,func_RpcClient_0x100006ed8
func_unknown_0x10000a949,func_Queue_0x10000a949
func_unknown_0x10000b82f,func_Runtime_0x10000b82f
func_unknown_0x10000bde1,func_Bybit_0x10000bde1
func_unknown_0x10000bffa,func_Websocket_0x10000bffa
func_unknown_0x10000c8a5,func_Secrets_0x10000c8a5
func_unknown_0x10000c915,func_MachineId_0x10000c915
func_unknown_0x10000c91e,func_Diagnostics_0x10000c91e
func_unknown_0x100006777,func_initializeWorkerPool_0x100006777
func_unknown_0x100006ee0,func_initializeRpcClient_0x100006ee0
func_unknown_0x10000a94e,func_initializeWindowsHello_0x10000a94e
func_unknown_0x10000a95b,func_initializeHashes_0x10000a95b
func_unknown_0x10000a96d,func_initializeQueueModule_0x10000a96d
func_unknown_0x10000a970,func_initializeQueue_0x10000a970
func_unknown_0x10000a9a6,func_initializeWorkerCluster_0x10000a9a6
func_unknown_0x10000b78c,func_initializeUrlQueue_0x10000b78c
func_unknown_0x10000b790,func_initializeFaro_0x10000b790
func_unknown_0x10000b79b,func_initializeServices_0x10000b79b
func_unknown_0x10000b81b,func_initializeApplications_0x10000b81b
func_unknown_0x10000b862,func_initializeAccounts_0x10000b862
func_unknown_0x10000b86c,func_initializeWorkerService_0x10000b86c
func_unknown_0x10000bdc4,func_initializeBalanceHooks_0x10000bdc4
func_unknown_0x10000be07,func_initializeGoogleAuth_0x10000be07
func_unknown_0x10000c89d,func_initializeMnemonic_0x10000c89d
func_unknown_0x10000678b,func_initializeScreencastRouter_0x10000678b
func_unknown_0x10000679f,func_initializeKeyboardRouter_0x10000679f
func_unknown_0x100006efa,func_initializeFilesystemRouter_0x100006efa
func_unknown_0x100007038,func_initializeWindowRouter_0x100007038
func_unknown_0x100009ef2,func_initializePageRouter_0x100009ef2
func_unknown_0x10000a557,func_initializeKeyboardHandler_0x10000a557
func_unknown_0x10000a965,func_initializeWindowsHelloError_0x10000a965
func_unknown_0x10000b7a0,func_initializeServices_0x10000b7a0
func_unknown_0x10000b824,func_initializeApplicationServices_0x10000b824
func_unknown_0x10000be20,func_initializeRoutes_0x10000be20
func_unknown_0x10000c8a9,func_initializeApiRouter_0x10000c8a9
func_unknown_0x10000c8c2,func_initializeNotificationRouter_0x10000c8c2
func_unknown_0x10000a953,func_initializeCredentialHandler_0x10000a953
func_unknown_0x10000b7b0,func_initializeProxyServices_0x10000b7b0
func_unknown_0x10000be35,func_initializeProxyRouter_0x10000be35
func_unknown_0x10000c8bb,func_initializeApiServer_0x10000c8bb
func_unknown_0x10000a98f,func_initializeCredentialRouter_0x10000a98f
func_unknown_0x10000b83a,func_initializeApplicationRouter_0x10000b83a
func_unknown_0x10000c910,func_initializeRouters_0x10000c910
func_unknown_0x10000c926,func_initializeApplication_0x10000c926
