func_$_0x100004d8f,509,True
func_$i_0x100005d94,718,True
func_$t_0x100004de6,572,True
func_A_0x1000004cb,712,False
func_A_0x10000068f,656,False
func_A_0x10000071c,272,True
func_A_0x100004839,207,True
func_A_0x100004879,-462,True
func_A_0x1000048a9,-722,True
func_A_0x1000048ad,476,True
func_A_0x1000048e5,-853,False
func_A_0x1000048f7,-780,False
func_A_0x1000048fb,-489,True
func_A_0x1000048fe,542,False
func_A_0x100004927,-351,False
func_A_0x10000492b,-858,False
func_A_0x100004a66,490,True
func_A_0x100004a6a,-852,False
func_A_0x100004ab7,-420,False
func_A_0x100004bcf,354,True
func_A_0x100004c08,-45,False
func_A_0x100004c32,136,True
func_A_0x1000051ad,-925,True
func_A_0x1000051bf,537,True
func_A_0x100005283,-904,False
func_A_0x1000052b9,241,True
func_A_0x1000052e2,513,False
func_A_0x100005354,603,False
func_A_0x100005358,-1138,True
func_A_0x1000053de,-1170,False
func_A_0x1000054b7,434,False
func_A_0x10000555b,-1109,False
func_A_0x10000558c,-132,False
func_A_0x1000055db,610,True
func_A_0x1000057ab,-1029,False
func_A_0x1000057fb,-67,False
func_A_0x100005814,-447,False
func_A_0x100005822,408,False
func_A_0x100005a43,-56,True
func_A_0x100005a8a,711,True
func_A_0x100005c9f,-172,True
func_A_0x100005cf2,-392,True
func_A_0x100005e20,120,True
func_A_0x100005e25,124,True
func_A_0x100005e27,-48,True
func_A_0x100005e74,-791,True
func_A_0x100005e81,36,True
func_A_0x100005e96,800,True
func_A_0x100005ebc,247,False
func_A_0x100005f38,-117,True
func_A_0x100005f3a,253,False
func_A_0x100005f3c,-928,False
func_A_0x100005f7c,686,True
func_Ae_0x100005d45,-536,True
func_An_0x1000050fe,-196,False
func_At_0x100004dd6,526,True
func_At_0x100004de1,-163,True
func_At_0x100004eb5,-752,True
func_At_0x100004ebd,-609,True
func_At_0x10000504b,-1167,True
func_B_0x100004931,-1025,True
func_B_0x100004951,429,False
func_B_0x100004953,-359,True
func_B_0x10000495b,-282,True
func_B_0x100004ace,-1050,False
func_B_0x100004ad0,-690,False
func_B_0x100004afa,-817,False
func_B_0x100004afc,-137,False
func_B_0x10000518b,-1075,True
func_B_0x100005192,-33,False
func_B_0x100005194,-156,True
func_B_0x100005196,-34,False
func_B_0x100005198,769,True
func_B_0x10000540b,-747,True
func_B_0x1000054c9,-1179,False
func_B_0x1000054d9,90,True
func_B_0x10000553c,797,True
func_B_0x1000055ab,321,True
func_B_0x1000055b4,679,True
func_B_0x1000055b8,579,False
func_B_0x1000055be,-399,True
func_B_0x100005819,276,False
func_B_0x100005aaf,314,False
func_B_0x100005b69,-494,True
func_B_0x100005bd9,-932,True
func_B_0x100005e50,37,True
func_B_0x100005f97,-273,False
func_Be_0x100005434,-940,False
func_Be_0x10000544f,-866,True
func_C_0x100000699,-1139,True
func_C_0x10000069b,-1045,False
func_C_0x10000069f,-860,True
func_C_0x1000048b4,-1120,True
func_C_0x1000048c3,83,False
func_C_0x100004a21,-173,True
func_C_0x100004aba,-193,False
func_C_0x100004add,309,False
func_C_0x100004ae3,-297,False
func_C_0x100004aea,-58,False
func_C_0x100004aee,227,False
func_C_0x100004af2,-676,False
func_C_0x100004af4,-1140,False
func_C_0x100004af6,-494,True
func_C_0x100004b13,-86,False
func_C_0x100004b3f,-873,False
func_C_0x100004bca,-33,False
func_C_0x100004bd9,725,True
func_C_0x100004c3b,-133,True
func_C_0x100005289,225,False
func_C_0x10000529c,148,False
func_C_0x10000529e,-496,False
func_C_0x1000052a0,-290,True
func_C_0x100005329,-501,True
func_C_0x100005386,3,False
func_C_0x100005466,624,True
func_C_0x10000546b,-76,False
func_C_0x100005676,679,False
func_C_0x1000056bd,-995,False
func_C_0x1000056c0,-378,False
func_C_0x10000574d,-519,False
func_C_0x100005751,154,False
func_C_0x100005755,557,False
func_C_0x100005757,-182,True
func_C_0x1000057cf,-29,True
func_C_0x10000581d,500,False
func_C_0x100005838,-360,True
func_C_0x100005a86,491,True
func_C_0x100005aac,-728,True
func_C_0x100005e2f,177,False
func_C_0x100005e35,605,True
func_C_0x100005f52,755,False
func_Cn_0x100005d90,402,True
func_Cr_0x100005964,-306,True
func_Cr_0x1000059d3,355,False
func_D_0x1000006a0,55,True
func_D_0x1000049a2,-242,False
func_D_0x1000049a9,-352,True
func_D_0x1000049fb,-1092,True
func_D_0x100004a1f,-410,True
func_D_0x1000051d4,-808,True
func_D_0x1000051e2,520,False
func_D_0x100005389,-956,False
func_D_0x1000054bf,447,True
func_D_0x1000054c3,679,False
func_D_0x1000054c5,-1162,True
func_D_0x10000559d,-850,False
func_D_0x100005657,-1161,True
func_D_0x100005663,-1109,True
func_D_0x1000056ba,468,True
func_D_0x100005767,777,False
func_D_0x1000057a5,-386,False
func_D_0x100005823,-96,False
func_D_0x100005842,-273,True
func_D_0x100005846,-387,True
func_D_0x10000584a,-594,False
func_D_0x10000584c,-449,True
func_D_0x100005c94,-108,False
func_D_0x100005c96,-764,False
func_D_0x100005e62,-999,True
func_E_0x1000006ef,-532,False
func_E_0x1000006f2,-324,True
func_E_0x10000483d,-275,False
func_E_0x100004851,57,False
func_E_0x100004899,-194,False
func_E_0x1000048c0,572,True
func_E_0x100004a0b,-676,False
func_E_0x100004a1d,-1184,True
func_E_0x100004a27,435,True
func_E_0x100004ae7,612,True
func_E_0x100004af0,59,True
func_E_0x100004af9,337,True
func_E_0x100004bec,-547,True
func_E_0x100004bf5,-561,True
func_E_0x100004bf7,-556,False
func_E_0x100004bfc,519,False
func_E_0x100004c10,-1020,False
func_E_0x10000517f,-59,False
func_E_0x1000051b1,-964,True
func_E_0x100005327,-395,True
func_E_0x100005390,154,True
func_E_0x100005456,669,True
func_E_0x100005672,-425,False
func_E_0x100005674,-5,False
func_E_0x100005678,-824,False
func_E_0x10000567a,132,True
func_E_0x1000057d7,-810,True
func_E_0x1000057fe,233,True
func_E_0x100005802,381,False
func_E_0x100005817,-30,False
func_E_0x10000581f,222,False
func_E_0x10000588c,199,True
func_E_0x100005a64,-825,False
func_E_0x100005a66,-457,False
func_E_0x100005a68,-425,True
func_E_0x100005a6a,-724,True
func_E_0x100005a84,-712,False
func_E_0x100005aed,-1017,True
func_E_0x100005b2e,126,False
func_E_0x100005c82,-216,True
func_E_0x100005c84,-1053,False
func_E_0x100005cb5,172,False
func_E_0x100005cb7,-904,True
func_E_0x100005def,-422,True
func_E_0x100005e31,-449,False
func_E_0x100005e33,142,False
func_E_0x100005ebf,-341,True
func_E_0x100005f59,-948,False
func_E_0x100005f5b,48,False
func_E_0x100005f90,431,True
func_Ee_0x100004ba0,-77,True
func_Ee_0x1000056fa,370,False
func_Ee_0x100005931,-209,True
func_F_0x1000049c3,671,False
func_F_0x1000049ce,741,False
func_F_0x100004b2a,359,False
func_F_0x100004b30,68,False
func_F_0x100004b32,-17,False
func_F_0x100004b34,-17,False
func_F_0x10000533f,48,False
func_F_0x100005341,-611,False
func_F_0x10000547f,-885,True
func_F_0x100005514,12,False
func_F_0x100005575,-1146,False
func_F_0x100005577,-368,True
func_F_0x100005691,-382,True
func_F_0x1000059bf,-641,False
func_F_0x1000059c4,540,True
func_F_0x100005a3d,-842,False
func_G_0x100004dd8,-543,True
func_G_0x100004de8,-24,True
func_G_0x100004ebf,-360,True
func_Ge_0x10000548f,-771,False
func_He_0x100005729,-11,False
func_I_0x10000483f,-888,False
func_I_0x100004901,-802,True
func_I_0x1000049a4,363,True
func_I_0x1000049a6,350,True
func_I_0x1000049ab,-1079,False
func_I_0x1000049fa,582,True
func_I_0x100004aec,-910,False
func_I_0x100004b41,233,False
func_I_0x100004b43,-1021,False
func_I_0x100004bc6,-707,False
func_I_0x1000051c6,795,False
func_I_0x100005204,-43,False
func_I_0x100005384,-468,False
func_I_0x1000053e2,-31,True
func_I_0x1000054a6,-441,True
func_I_0x1000054c1,-798,True
func_I_0x1000054c8,-1161,False
func_I_0x1000056b8,8,False
func_I_0x1000056ca,123,False
func_I_0x10000574f,481,False
func_I_0x100005ac2,505,False
func_I_0x100005b77,-808,False
func_I_0x100005f5d,665,True
func_I_0x100005f5f,-743,True
func_I_0x100005f94,121,False
func_Ie_0x100005107,-384,False
func_J_0x100004c1a,-1065,True
func_J_0x100005338,-658,False
func_J_0x10000533d,-842,True
func_J_0x10000536f,-144,False
func_J_0x1000053ea,81,True
func_J_0x1000053f0,-335,True
func_J_0x1000053f2,-220,False
func_J_0x1000053f9,-1047,True
func_J_0x1000053fc,-85,True
func_J_0x100005495,501,False
func_J_0x1000054e5,-602,True
func_J_0x1000054e7,-777,True
func_J_0x1000054f0,-35,False
func_J_0x1000054f3,-606,False
func_J_0x1000054f7,441,False
func_J_0x1000054ff,-506,True
func_J_0x10000550c,-362,False
func_J_0x100005510,-1066,True
func_J_0x100005524,-202,False
func_J_0x100005528,-585,False
func_J_0x10000552a,-394,True
func_J_0x100005579,461,False
func_J_0x10000557b,150,False
func_J_0x10000557d,-744,True
func_J_0x10000557f,179,False
func_J_0x100005583,-80,False
func_J_0x1000057e6,786,True
func_J_0x1000059a8,-1189,False
func_J_0x100005e4d,-178,False
func_Je_0x1000050b4,740,True
func_Je_0x1000050d4,-65,True
func_Je_0x10000510e,-342,False
func_Je_0x100005114,-98,False
func_Je_0x10000511c,-520,False
func_Jt_0x100004eb1,-25,False
func_Kt_0x1000059f2,-630,False
func_Kt_0x1000059f4,132,False
func_Kt_0x1000059f6,-863,False
func_Kt_0x1000059fa,-166,True
func_Kt_0x1000059fe,7,False
func_Kt_0x100005a10,604,True
func_Kt_0x100005a12,-1001,True
func_Kt_0x100005a1a,-988,True
func_L_0x1000049c8,416,False
func_L_0x1000049d5,-37,False
func_L_0x1000049e3,438,False
func_L_0x1000049e6,621,False
func_L_0x100004b2c,-484,True
func_L_0x100004c18,10,False
func_L_0x100005159,386,False
func_L_0x100005174,-172,False
func_L_0x10000518e,259,False
func_L_0x100005478,-453,False
func_L_0x10000547b,-506,True
func_L_0x100005498,277,False
func_L_0x1000054de,544,True
func_L_0x1000054fd,-671,True
func_L_0x10000568c,-538,True
func_L_0x1000056a3,-42,False
func_L_0x1000056a7,-254,False
func_L_0x1000056a9,470,False
func_L_0x1000056ab,658,False
func_L_0x1000059c2,-248,True
func_L_0x1000059c6,248,True
func_L_0x100005bdb,-22,False
func_Li_0x1000059cc,-287,True
func_M_0x1000049b6,778,True
func_M_0x1000049ba,-1068,True
func_M_0x1000049d3,-1111,False
func_M_0x1000049d7,-406,False
func_M_0x1000049dc,431,True
func_M_0x1000049ed,346,False
func_M_0x100004a3e,-617,True
func_M_0x100004a4f,542,True
func_M_0x100004a5a,-1100,False
func_M_0x100004b28,-656,True
func_M_0x100004b2e,-939,False
func_M_0x100004b7f,-816,False
func_M_0x100005147,266,False
func_M_0x100005157,-913,False
func_M_0x100005160,-1020,True
func_M_0x100005170,221,True
func_M_0x100005172,217,True
func_M_0x100005176,614,True
func_M_0x100005178,681,True
func_M_0x10000517a,-1102,True
func_M_0x10000517c,-560,True
func_M_0x1000054e1,668,True
func_M_0x1000054fb,-336,False
func_M_0x100005573,-53,True
func_M_0x1000056a5,509,False
func_M_0x1000057e8,247,True
func_M_0x100005e5d,402,True
func_Me_0x10000596b,-897,True
func_Mn_0x100005d8b,-1035,True
func_Mn_0x100005d8e,-706,True
func_Mn_0x100005d98,-260,False
func_Mr_0x100005a1e,-766,True
func_Mt_0x1000059cf,-52,True
func_Mt_0x1000059d1,108,True
func_Mt_0x1000059d7,-364,True
func_Mt_0x1000059db,-406,True
func_Mt_0x1000059e1,-383,True
func_Mt_0x1000059e5,429,True
func_Mt_0x1000059e7,-1094,True
func_Mt_0x1000059eb,-901,False
func_N_0x100004dae,449,False
func_N_0x100004db0,152,True
func_N_0x100004db4,-796,True
func_N_0x100004db6,368,True
func_N_0x100004db8,-760,True
func_N_0x100004dba,110,True
func_N_0x100004deb,-922,True
func_N_0x100004ded,-527,True
func_N_0x100004df5,-733,True
func_N_0x100004df9,201,False
func_N_0x100004dfb,-1115,True
func_N_0x100004dff,-130,False
func_N_0x100004e01,1,False
func_N_0x100004e07,124,False
func_N_0x100004e09,-676,False
func_N_0x100004e0b,-1172,True
func_N_0x100004e0f,-738,True
func_N_0x100004e11,-159,False
func_N_0x100004e15,332,False
func_N_0x100004e19,-216,True
func_N_0x100004e1b,388,True
func_N_0x100004e21,-543,False
func_N_0x100004e25,17,True
func_N_0x100004e27,-78,False
func_N_0x100004e29,602,True
func_N_0x100004e2d,-317,True
func_N_0x100004e39,139,True
func_N_0x100004e3d,-853,True
func_N_0x100004e3f,-460,False
func_N_0x100004e41,574,False
func_N_0x100004e47,618,False
func_N_0x100004e49,97,False
func_N_0x100004e4b,633,True
func_N_0x100004e4d,287,True
func_N_0x100004e51,414,True
func_N_0x100004e53,-560,True
func_N_0x100004e55,-520,True
func_N_0x100004e59,-1146,False
func_N_0x100004e5b,-510,True
func_N_0x100004e65,-829,True
func_N_0x100004e69,-203,True
func_N_0x100004e6b,587,False
func_N_0x100004e71,-1106,True
func_N_0x100004e73,-695,False
func_N_0x100004e77,-428,True
func_N_0x100004e79,583,True
func_N_0x100004e7b,-706,True
func_N_0x100004e7d,460,True
func_N_0x100004e7f,519,False
func_N_0x100004e81,-674,False
func_N_0x100004e83,795,False
func_N_0x100004e8b,-1069,True
func_N_0x100004e91,374,True
func_N_0x100004e97,13,False
func_N_0x100004e9f,-387,True
func_N_0x100004ea3,371,True
func_N_0x100004ea5,-847,True
func_N_0x100004ea7,-199,True
func_N_0x100004ebb,738,True
func_N_0x100004ec1,86,False
func_N_0x100004ec3,-1009,True
func_N_0x100004ec7,802,False
func_N_0x100004ed5,95,False
func_N_0x100004ed9,-980,True
func_N_0x100004edd,-1183,True
func_N_0x100004ee1,-709,False
func_N_0x100004ee5,388,True
func_N_0x100004eed,-301,True
func_N_0x100004ef1,632,False
func_N_0x100004ef3,157,True
func_N_0x100004ef7,148,True
func_N_0x100004efb,477,True
func_N_0x100004efd,-1141,False
func_N_0x100004eff,-639,True
func_N_0x100004f03,-845,True
func_N_0x100004f05,-526,True
func_N_0x100004f07,-833,False
func_N_0x100004f0b,-851,False
func_N_0x100004f0f,-354,False
func_N_0x100004f13,-965,True
func_N_0x100004f1b,-945,True
func_N_0x100004f1d,-995,True
func_N_0x100004f1f,-895,False
func_N_0x100004f21,-784,False
func_N_0x100004f2b,-528,True
func_N_0x100004f2d,-1129,False
func_N_0x100004f2f,-1098,False
func_N_0x100004f33,-975,True
func_N_0x100004f3b,386,True
func_N_0x100004f3f,291,True
func_N_0x100004f43,560,True
func_N_0x100004f47,-1166,False
func_N_0x100004f49,515,False
func_N_0x100004f4d,509,False
func_N_0x100004f53,82,False
func_N_0x100004f55,557,True
func_N_0x100004f57,-1138,False
func_N_0x100004f59,-545,True
func_N_0x100004f5b,744,False
func_N_0x100004f5d,245,True
func_N_0x100004f61,-920,False
func_N_0x100004f63,-735,True
func_N_0x100004f65,-1035,True
func_N_0x100004f67,-587,True
func_N_0x100004f6b,709,False
func_N_0x100004f71,-769,True
func_N_0x100004f73,-1108,False
func_N_0x100004f77,-102,True
func_N_0x100004f79,-1050,True
func_N_0x100004f81,-851,True
func_N_0x100004f85,63,True
func_N_0x100004f8b,174,False
func_N_0x100004f91,601,True
func_N_0x100004f93,557,True
func_N_0x100004f95,693,False
func_N_0x100004f97,-91,True
func_N_0x100004f99,-659,False
func_N_0x100004f9d,523,True
func_N_0x100004fab,-221,False
func_N_0x100004faf,669,True
func_N_0x100004fb3,521,True
func_N_0x100004fb5,-793,False
func_N_0x100004fb7,291,True
func_N_0x100004fb9,-762,True
func_N_0x100004fbf,51,False
func_N_0x100004fc1,-549,True
func_N_0x100004fc3,-290,False
func_N_0x100004fc7,-1070,False
func_N_0x100004fd5,-659,True
func_N_0x100004fd9,-731,True
func_N_0x100004fdb,796,False
func_N_0x100004fdd,108,False
func_N_0x100004fe1,-102,False
func_N_0x100004fe3,-75,True
func_N_0x100004fe5,736,True
func_N_0x100004feb,-690,True
func_N_0x100004ff1,374,True
func_N_0x100004ffd,-805,True
func_N_0x100005003,295,False
func_N_0x100005005,-1171,True
func_N_0x100005009,-1139,True
func_N_0x10000500b,50,False
func_N_0x10000500d,434,True
func_N_0x100005017,140,False
func_N_0x10000501f,216,False
func_N_0x100005023,-142,True
func_N_0x100005025,-1052,False
func_N_0x100005033,-343,False
func_N_0x100005035,805,False
func_N_0x100005037,-396,False
func_N_0x100005039,-1127,False
func_N_0x10000503b,614,True
func_N_0x100005041,570,True
func_N_0x100005043,663,False
func_N_0x10000504d,504,True
func_N_0x100005059,-627,True
func_N_0x100005061,630,True
func_N_0x100005069,-107,False
func_N_0x10000506b,547,False
func_N_0x10000506d,682,True
func_N_0x100005070,-2,False
func_N_0x100005084,357,True
func_N_0x10000508e,-763,False
func_N_0x100005093,61,True
func_N_0x100005123,-139,True
func_N_0x100005131,-963,False
func_Nr_0x1000059cd,-962,False
func_Nr_0x1000059d5,-288,True
func_Nr_0x1000059d9,-256,False
func_Nr_0x1000059dd,-453,True
func_Nr_0x1000059df,-750,True
func_Nr_0x1000059e9,-958,False
func_O_0x1000048b7,-543,True
func_O_0x1000048b9,9,True
func_O_0x1000048bb,453,False
func_O_0x1000049b8,-70,True
func_O_0x1000049be,753,True
func_O_0x100004b26,-985,True
func_O_0x100005373,1,False
func_O_0x1000053fd,-292,False
func_O_0x10000547d,-937,False
func_O_0x1000054e3,444,False
func_O_0x10000550e,-266,True
func_O_0x100005512,-93,False
func_O_0x10000551a,701,False
func_O_0x10000552c,-730,True
func_O_0x100005581,791,False
func_O_0x1000057ac,-1114,True
func_O_0x1000057ae,266,True
func_O_0x1000059a4,-661,True
func_Oe_0x10000539b,-458,False
func_Oe_0x10000539e,514,False
func_Oe_0x1000053a0,366,True
func_Oe_0x1000053c4,230,False
func_Oe_0x1000053d4,518,True
func_Oe_0x1000056f8,338,True
func_Oe_0x100005951,-667,True
func_Oe_0x100005959,-427,False
func_Oe_0x10000595d,-1182,False
func_On_0x1000059ef,529,True
func_Or_0x100005d92,-320,True
func_P_0x100004dac,-915,True
func_P_0x100004e9d,326,True
func_P_0x10000505b,-237,True
func_P_0x10000507f,656,True
func_P_0x100005086,147,True
func_P_0x100005127,500,False
func_P_0x10000512d,-1184,True
func_P_0x100005133,-98,False
func_Pt_0x100005963,64,True
func_Pt_0x1000059e3,-433,True
func_Pt_0x1000059ed,231,False
func_R_0x100004d8a,-467,False
func_R_0x100004d8d,683,False
func_R_0x100004d90,-716,True
func_R_0x100004db2,165,True
func_R_0x100004dbe,752,False
func_R_0x100004dc0,-1074,True
func_R_0x100004dc5,-407,False
func_R_0x100004dc7,219,True
func_R_0x100004dd3,326,False
func_R_0x100004e05,674,True
func_R_0x100004e13,-658,False
func_R_0x100004e6f,-1023,False
func_R_0x100004e8f,752,True
func_R_0x100004ee3,354,False
func_R_0x100005090,86,True
func_R_0x100005125,-884,True
func_Rs_0x100004edf,-820,False
func_S_0x10000492f,-18,False
func_S_0x100004933,-304,False
func_S_0x100004937,-1172,False
func_S_0x100004939,509,False
func_S_0x10000493b,410,False
func_S_0x100004940,-1114,False
func_S_0x100004955,-70,True
func_S_0x100004957,-384,False
func_S_0x100004960,-427,True
func_S_0x100004972,-1138,True
func_S_0x1000049db,-849,False
func_S_0x1000049f6,406,True
func_S_0x100004a46,-224,False
func_S_0x100004abf,69,True
func_S_0x100004ac8,-772,False
func_S_0x100004aff,-148,False
func_S_0x100004ba6,-1042,False
func_S_0x100004bc8,-341,True
func_S_0x100005189,-691,False
func_S_0x10000535b,-372,False
func_S_0x1000054d5,-843,True
func_S_0x100005538,-811,False
func_S_0x10000553e,411,False
func_S_0x1000055a7,-146,False
func_S_0x1000055b0,770,True
func_S_0x10000599d,-217,False
func_S_0x100005ab5,-1055,True
func_S_0x100005bc5,-573,True
func_S_0x100005bd7,-1105,False
func_S_0x100005de4,545,False
func_Se_0x100005163,759,True
func_Se_0x100005452,802,False
func_Se_0x100005492,704,False
func_Se_0x10000570d,491,False
func_Se_0x100005723,-878,False
func_Se_0x10000579f,-241,True
func_St_0x100005940,-1104,False
func_St_0x100005942,-680,False
func_St_0x10000594e,-283,False
func_St_0x100005957,-1157,False
func_St_0x10000595b,-1015,False
func_St_0x10000595f,-790,True
func_T_0x1000048bd,-892,False
func_T_0x100004999,315,False
func_T_0x100004c1c,-550,True
func_T_0x10000533a,-863,False
func_T_0x100005350,-833,False
func_T_0x10000535d,588,True
func_T_0x1000053e8,84,False
func_T_0x1000053ec,270,True
func_T_0x1000053ee,-108,True
func_T_0x1000053f4,-843,True
func_T_0x100005411,790,True
func_T_0x1000054f5,-1193,False
func_T_0x100005501,-1013,False
func_T_0x100005522,573,True
func_T_0x100005526,443,True
func_T_0x100005530,-957,False
func_T_0x10000553a,302,False
func_T_0x100005540,-662,True
func_T_0x10000554f,-112,True
func_T_0x100005557,-1030,True
func_T_0x100005560,-1057,False
func_T_0x1000057ec,208,True
func_T_0x1000057f0,267,True
func_T_0x1000057f4,-712,False
func_T_0x1000057f6,-925,False
func_T_0x1000057f8,-584,False
func_T_0x1000059a0,445,False
func_T_0x1000059a6,633,True
func_T_0x1000059ae,-1136,True
func_T_0x1000059ba,568,True
func_T_0x1000059cb,-391,True
func_T_0x100005ac8,-409,True
func_T_0x100005bd2,-1126,True
func_T_0x100005cd6,626,False
func_Te_0x100004b97,-797,True
func_Te_0x1000053a2,-956,False
func_Te_0x1000053a4,588,False
func_Te_0x1000053a6,619,True
func_Te_0x1000053a8,115,False
func_Te_0x1000053aa,-1115,False
func_Te_0x1000053ae,487,True
func_Te_0x1000053b0,-1108,False
func_Te_0x1000053b4,-420,False
func_Te_0x1000053b6,744,False
func_Te_0x1000053b8,-609,False
func_Te_0x1000053c0,497,True
func_Te_0x1000053c8,-508,True
func_Te_0x1000053ca,589,False
func_Te_0x1000053cc,-1124,False
func_Te_0x1000053d0,73,False
func_Te_0x10000570b,187,True
func_Te_0x100005932,-796,True
func_Te_0x100005948,253,False
func_Te_0x10000594a,-393,False
func_Te_0x100005955,462,True
func_Te_0x100005970,-663,False
func_Te_0x100005977,356,True
func_Te_0x10000597c,622,False
func_Te_0x10000597e,-66,False
func_Tr_0x100005a0e,-153,False
func_Ue_0x100004b9d,204,False
func_Ue_0x1000053c2,723,True
func_Ue_0x1000053c6,-685,False
func_Ue_0x1000053ce,-973,True
func_Ue_0x100005944,-722,True
func_Ue_0x100005973,596,False
func_V_0x100000422,41,False
func_Vt_0x1000059f8,429,False
func_Vt_0x100005a00,478,False
func_Vt_0x100005a0a,780,False
func_Vt_0x100005a16,-877,True
func_Vt_0x100005a18,424,True
func_W_0x100004da9,407,True
func_X_0x100004dcf,-819,False
func_X_0x100004e03,435,False
func_X_0x100004f27,131,False
func_X_0x100004ffb,-1086,True
func_X_0x100005019,-171,True
func_X_0x100005031,-609,True
func_X_0x10000507c,-803,False
func_X_0x10000512b,697,False
func_Zr_0x100004de4,-20,True
func_Zr_0x100004ec9,-74,True
func_Zr_0x100004ed1,-952,True
func_Zt_0x100005988,-739,True
func_a_0x10000041a,-452,False
func_a_0x100000423,634,True
func_a_0x100000429,-849,True
func_a_0x10000042c,110,False
func_a_0x10000045d,28,True
func_a_0x100000464,-594,True
func_a_0x10000048b,-425,False
func_a_0x1000004a2,576,False
func_a_0x1000004b9,580,False
func_a_0x1000004e7,220,False
func_a_0x1000004f9,-663,True
func_a_0x100000538,393,False
func_a_0x10000053c,-514,False
func_a_0x10000057c,-190,False
func_a_0x10000059f,-419,False
func_a_0x1000005a3,-745,True
func_a_0x1000005b1,-827,False
func_a_0x1000005ba,-211,False
func_a_0x1000005c3,-1103,False
func_a_0x100000621,327,True
func_a_0x1000006a9,-866,False
func_a_0x1000006b4,-3,True
func_a_0x1000006ba,720,True
func_a_0x1000006e2,340,True
func_a_0x100000708,-842,True
func_a_0x10000070b,-327,True
func_a_0x100000731,21,True
func_a_0x100000744,-491,True
func_a_0x100000748,-955,False
func_a_0x10000075d,546,False
func_a_0x1000049d1,-32,True
func_a_0x100004a3c,533,True
func_a_0x100004ad3,-693,False
func_a_0x100004b1b,-893,True
func_a_0x100004b20,614,True
func_a_0x100004c5d,-1121,False
func_a_0x100004d9a,645,False
func_a_0x100004d9c,-35,True
func_a_0x100004da2,516,False
func_a_0x100004da6,114,True
func_a_0x1000051a1,-946,True
func_a_0x1000051e8,-976,True
func_a_0x100005234,554,False
func_a_0x100005260,798,True
func_a_0x10000527d,675,False
func_a_0x1000052c6,-1109,True
func_a_0x1000052d1,360,False
func_a_0x1000052ef,334,True
func_a_0x1000052f7,-1191,False
func_a_0x10000541b,482,True
func_a_0x10000542b,-119,True
func_a_0x10000555a,587,True
func_a_0x1000055f9,-401,False
func_a_0x100005604,362,True
func_a_0x100005631,292,True
func_a_0x100005652,47,False
func_a_0x1000056d1,-857,False
func_a_0x1000056d8,-453,True
func_a_0x1000056f1,-759,True
func_a_0x100005762,44,True
func_a_0x1000057c5,-429,False
func_a_0x1000057d5,-874,True
func_a_0x10000587d,-370,True
func_a_0x10000589b,599,True
func_a_0x1000058a3,-764,True
func_a_0x1000058aa,-160,False
func_a_0x1000058b6,-884,False
func_a_0x1000058ce,-753,False
func_a_0x100005910,556,False
func_a_0x100005927,556,False
func_a_0x100005a63,-174,True
func_a_0x100005afb,-505,False
func_a_0x100005b0e,-223,False
func_a_0x100005ca7,538,False
func_a_0x100005e08,-698,True
func_a_0x100005ea3,157,True
func_a_0x100005ec6,501,False
func_a_0x100005ef3,634,True
func_a_0x100005f08,-1004,True
func_a_0x100005f1a,265,False
func_a_0x100005f64,-928,True
func_a_0x100005fa9,-808,True
func_a_0x100005fb6,-349,True
func_b_0x100004968,-169,False
func_b_0x10000496a,-481,True
func_b_0x10000496e,-1073,False
func_b_0x10000498d,659,False
func_b_0x100004991,-469,True
func_b_0x100004993,-846,True
func_b_0x100004997,-556,True
func_b_0x10000499b,766,False
func_b_0x100004ac6,-541,True
func_b_0x100004b76,-546,True
func_b_0x100004b79,535,False
func_b_0x10000536d,12,False
func_b_0x100005371,111,False
func_b_0x1000053f6,-245,True
func_b_0x1000054cb,261,True
func_b_0x1000054db,-373,True
func_b_0x100005542,-113,True
func_b_0x10000554d,-48,True
func_b_0x100005551,-992,False
func_b_0x100005553,322,True
func_b_0x1000055bc,-1030,False
func_b_0x1000057ea,-410,True
func_b_0x1000057ee,-258,False
func_b_0x1000057f2,-437,True
func_b_0x1000059a2,-253,False
func_b_0x1000059aa,608,False
func_b_0x1000059b2,639,False
func_b_0x100005ab1,-1084,True
func_b_0x100005bd5,-773,True
func_b_0x100005c87,-740,False
func_b_0x100005c89,-29,False
func_b_0x100005c8b,-640,True
func_b_0x100005cef,363,True
func_be_0x100004dc9,-474,False
func_be_0x100004dcd,271,True
func_be_0x100004dd5,177,True
func_c_0x100000433,-822,True
func_c_0x100000473,-1127,True
func_c_0x10000049f,145,False
func_c_0x1000004d6,-1130,False
func_c_0x100000502,771,True
func_c_0x100000512,-678,True
func_c_0x1000005f7,80,False
func_c_0x1000005fb,-409,False
func_c_0x100000600,-1095,False
func_c_0x100000603,-940,False
func_c_0x10000061f,-925,True
func_c_0x10000062b,-338,False
func_c_0x100000644,-903,False
func_c_0x10000065a,121,True
func_c_0x10000067e,-562,False
func_c_0x100000694,-613,False
func_c_0x1000006bc,775,True
func_c_0x100000757,-128,True
func_c_0x10000484c,53,False
func_c_0x100004868,-1004,False
func_c_0x10000486d,-134,True
func_c_0x100004877,-277,False
func_c_0x1000048ea,-862,False
func_c_0x100004a5d,241,False
func_c_0x100004ab2,-1018,True
func_c_0x100004c04,-982,True
func_c_0x100004c26,-321,True
func_c_0x100004c49,156,True
func_c_0x1000051ee,144,False
func_c_0x10000525b,-446,False
func_c_0x1000052b4,-78,True
func_c_0x1000052df,-49,False
func_c_0x100005310,-342,False
func_c_0x10000531a,260,False
func_c_0x100005326,-581,True
func_c_0x10000545d,-1140,True
func_c_0x1000054ae,103,True
func_c_0x100005586,-340,False
func_c_0x1000055c9,537,True
func_c_0x10000567d,646,False
func_c_0x10000580c,-834,False
func_c_0x100005883,-955,False
func_c_0x1000058a7,706,False
func_c_0x1000058c4,582,False
func_c_0x1000058cb,-49,False
func_c_0x1000058fe,183,False
func_c_0x100005a42,-92,False
func_c_0x100005ae5,-245,True
func_c_0x100005af2,-119,False
func_c_0x100005b04,-65,False
func_c_0x100005b29,-474,False
func_c_0x100005b7b,-955,True
func_c_0x100005b98,-492,False
func_c_0x100005bbb,-995,False
func_c_0x100005c05,-1111,False
func_c_0x100005c0f,-1143,False
func_c_0x100005c1a,-1085,True
func_c_0x100005c40,333,True
func_c_0x100005c5c,564,False
func_c_0x100005c65,-796,False
func_c_0x100005cbe,-953,False
func_c_0x100005d27,614,True
func_c_0x100005db6,-235,False
func_c_0x100005e78,233,False
func_c_0x100005e7b,-766,False
func_c_0x100005ea8,141,False
func_c_0x100005f31,287,False
func_c_0x100005f68,-1154,False
func_c_0x100005f8b,26,True
func_ca_0x100004d96,-355,False
func_ca_0x100004d98,-237,False
func_ca_0x100004d9e,254,True
func_ca_0x100004da4,-374,False
func_ce_0x10000515c,-335,False
func_ce_0x100005167,-584,True
func_ce_0x100005169,-201,False
func_ce_0x100005448,483,True
func_ce_0x100005488,-1185,True
func_ci_0x10000511f,-1140,False
func_d_0x1000004fe,275,True
func_d_0x1000006eb,-853,False
func_d_0x10000485a,484,False
func_d_0x100004870,-572,True
func_d_0x100004872,13,True
func_d_0x100004889,423,False
func_d_0x10000491d,-60,True
func_d_0x10000497e,-983,True
func_d_0x100004a02,376,True
func_d_0x100004a31,-226,True
func_d_0x100004a93,424,True
func_d_0x100004aab,0,True
func_d_0x100004c0a,732,False
func_d_0x100004c4b,57,False
func_d_0x100004c4d,635,False
func_d_0x1000052bd,-1166,True
func_d_0x1000052e4,-746,False
func_d_0x100005308,718,True
func_d_0x100005590,-703,True
func_d_0x1000055ce,-405,True
func_d_0x1000055e1,769,False
func_d_0x100005625,-12,False
func_d_0x1000056ce,-211,False
func_d_0x1000056d9,292,True
func_d_0x1000056df,-684,False
func_d_0x1000056f2,35,False
func_d_0x1000058a0,-85,True
func_d_0x100005a90,-827,True
func_d_0x100005a93,-786,False
func_d_0x100005abc,630,True
func_d_0x100005b5c,632,True
func_d_0x100005e29,-865,False
func_d_0x100005e2c,-887,True
func_d_0x100005e6b,-225,True
func_d_0x100005e86,-638,False
func_d_0x100005f44,600,True
func_dt_0x100004b8d,-1189,False
func_dt_0x100004b8f,-1050,False
func_dt_0x100004b91,-985,False
func_dt_0x100004b95,360,True
func_ee_0x100005098,785,True
func_ee_0x10000509e,764,True
func_ee_0x1000050a6,332,False
func_ee_0x1000050b2,-744,True
func_ee_0x1000050b8,544,True
func_ee_0x1000050ba,-891,True
func_ee_0x1000050c2,-882,True
func_ee_0x1000050c4,670,True
func_ee_0x1000050c8,-544,False
func_ee_0x1000050ca,-517,False
func_ee_0x1000050ce,765,False
func_ee_0x1000050d0,-476,True
func_ee_0x1000050d2,-27,True
func_ee_0x1000050d8,550,True
func_ee_0x1000050da,-681,False
func_ee_0x1000050dc,392,False
func_ee_0x1000050de,-172,True
func_ee_0x1000050e0,-673,True
func_ee_0x1000050e4,-1160,False
func_ee_0x1000050ea,-947,False
func_ee_0x1000050ec,-269,True
func_ee_0x1000050fa,-736,True
func_ee_0x1000050fc,-152,True
func_ee_0x100005109,531,True
func_ee_0x10000510b,365,False
func_f_0x10000049a,-581,False
func_f_0x10000484f,-88,False
func_f_0x10000485d,-839,False
func_f_0x1000048ed,-453,True
func_f_0x1000048ef,-153,False
func_f_0x10000491e,-162,False
func_f_0x100004a1c,17,False
func_f_0x100004aa6,-536,False
func_f_0x100004b63,-1181,False
func_f_0x100004c06,-576,False
func_f_0x100004c0c,-826,False
func_f_0x100004c38,757,True
func_f_0x10000522d,599,True
func_f_0x10000529b,-732,False
func_f_0x1000052ad,746,False
func_f_0x100005311,-731,False
func_f_0x10000540a,-1042,False
func_f_0x1000054b4,-1135,True
func_f_0x10000552f,-622,False
func_f_0x1000055d3,-651,False
func_f_0x1000055df,-169,False
func_f_0x100005627,128,True
func_f_0x10000562a,-862,False
func_f_0x100005656,-1103,True
func_f_0x100005685,-43,False
func_f_0x1000056d2,-13,False
func_f_0x100005917,-376,False
func_f_0x100005b17,-1000,True
func_f_0x100005b50,-794,True
func_f_0x100005ba1,404,True
func_f_0x100005bf2,127,False
func_f_0x100005bfc,572,True
func_f_0x100005d31,-173,True
func_f_0x100005deb,-371,True
func_f_0x100005e82,479,False
func_f_0x100005f8f,-941,True
func_g_0x100000555,-547,True
func_g_0x1000005fd,-623,False
func_g_0x100000698,372,False
func_g_0x100000775,-136,True
func_g_0x100004861,380,False
func_g_0x100004865,488,False
func_g_0x100004881,311,True
func_g_0x100004910,784,False
func_g_0x10000491b,152,True
func_g_0x10000492e,586,True
func_g_0x100004950,-184,False
func_g_0x100004965,99,False
func_g_0x1000049a8,-110,False
func_g_0x1000049b5,777,True
func_g_0x100004a11,-507,True
func_g_0x100004a89,567,True
func_g_0x100004aa4,-48,False
func_g_0x100004b1c,-427,True
func_g_0x100004b5e,-924,True
func_g_0x100004b61,-177,False
func_g_0x10000513f,35,False
func_g_0x100005141,-1106,True
func_g_0x1000051b5,-64,True
func_g_0x100005201,-1034,False
func_g_0x100005203,-249,True
func_g_0x10000523e,-1001,False
func_g_0x100005286,614,False
func_g_0x10000531b,-380,True
func_g_0x100005321,151,True
func_g_0x100005388,321,True
func_g_0x100005463,-513,False
func_g_0x100005468,601,False
func_g_0x1000054af,457,False
func_g_0x10000562e,432,True
func_g_0x100005683,-568,True
func_g_0x1000056bc,-1054,False
func_g_0x100005990,779,True
func_g_0x100005996,622,False
func_g_0x100005998,-736,True
func_g_0x100005a50,-652,True
func_g_0x100005a78,-959,True
func_g_0x100005a9a,-875,False
func_g_0x100005a9d,-840,False
func_g_0x100005ad7,-1058,False
func_g_0x100005ad9,-1126,True
func_g_0x100005af6,-839,False
func_g_0x100005af8,-1192,False
func_g_0x100005b09,242,False
func_g_0x100005b0b,786,False
func_g_0x100005b11,720,True
func_g_0x100005b14,-488,True
func_g_0x100005b1a,140,True
func_g_0x100005b1c,-758,True
func_g_0x100005b25,-282,True
func_g_0x100005b3a,563,False
func_g_0x100005b43,-309,True
func_g_0x100005b57,606,False
func_g_0x100005b5a,555,True
func_g_0x100005b5d,-42,False
func_g_0x100005b7f,192,True
func_g_0x100005b9c,-1099,False
func_g_0x100005b9e,-559,True
func_g_0x100005ba4,-618,True
func_g_0x100005ba6,-30,False
func_g_0x100005bac,758,False
func_g_0x100005bae,568,True
func_g_0x100005bb5,-729,True
func_g_0x100005bb7,-80,False
func_g_0x100005bbf,-661,True
func_g_0x100005bf7,-1031,False
func_g_0x100005bff,-583,True
func_g_0x100005c01,-266,True
func_g_0x100005c0a,290,True
func_g_0x100005c0c,-152,False
func_g_0x100005c17,-1160,False
func_g_0x100005c1f,611,True
func_g_0x100005c28,-1016,True
func_g_0x100005c32,775,True
func_g_0x100005c45,-59,False
func_g_0x100005c60,512,True
func_g_0x100005c6f,-1135,False
func_g_0x100005c7a,767,True
func_g_0x100005cc2,764,False
func_g_0x100005cc4,-799,False
func_g_0x100005ccd,-906,True
func_g_0x100005cfd,-803,False
func_g_0x100005cff,72,True
func_g_0x100005d05,-205,True
func_g_0x100005d0f,800,True
func_g_0x100005d18,-683,True
func_g_0x100005d1a,101,False
func_g_0x100005d22,251,True
func_g_0x100005d2c,-374,False
func_g_0x100005d2e,-690,False
func_g_0x100005d35,85,True
func_g_0x100005d37,-225,True
func_g_0x100005ebd,-1026,True
func_g_0x100005f74,-148,True
func_ga_0x100004da0,77,True
func_ge_0x100004b8c,521,True
func_ge_0x100005432,122,True
func_ge_0x100005436,374,True
func_ge_0x10000544b,-876,True
func_ge_0x10000548a,411,False
func_ge_0x1000056fe,231,False
func_ge_0x100005704,-109,True
func_ge_0x100005706,-118,True
func_ge_0x100005709,-663,True
func_ge_0x10000576a,-1017,True
func_ge_0x10000579c,-217,True
func_gr_0x1000059fc,-775,False
func_gr_0x100005a02,290,True
func_gr_0x100005a04,-758,False
func_gr_0x100005a06,8,False
func_gr_0x100005a08,758,False
func_gr_0x100005a0c,-997,False
func_gr_0x100005a14,-580,True
func_gr_0x100005a1c,-738,True
func_h_0x100000690,-269,True
func_h_0x1000006ee,-469,False
func_h_0x10000071d,-975,False
func_h_0x10000485f,265,True
func_h_0x100004863,-690,False
func_h_0x100004883,-105,True
func_h_0x100004885,-626,False
func_h_0x100004898,-832,True
func_h_0x1000048f1,-532,True
func_h_0x100004918,-1031,False
func_h_0x100004923,576,False
func_h_0x100004944,212,False
func_h_0x10000494b,549,True
func_h_0x100004987,-1173,False
func_h_0x100004a2b,693,False
func_h_0x100004a5e,-425,False
func_h_0x100004a8c,624,False
func_h_0x100004ae6,-306,False
func_h_0x100004bde,538,False
func_h_0x100004c5a,549,False
func_h_0x100005207,432,False
func_h_0x10000520f,-554,True
func_h_0x10000523c,-1061,False
func_h_0x100005284,216,False
func_h_0x1000052bb,-397,False
func_h_0x10000530a,461,True
func_h_0x10000532c,-282,False
func_h_0x100005334,-783,True
func_h_0x10000558a,-1138,False
func_h_0x1000055dd,364,False
func_h_0x10000562c,115,True
func_h_0x100005680,480,False
func_h_0x100005687,-761,True
func_h_0x1000056e5,664,False
func_h_0x1000056ee,-13,False
func_h_0x10000575b,291,True
func_h_0x1000057ce,-1007,True
func_h_0x1000057d6,119,True
func_h_0x100005811,-730,False
func_h_0x10000588b,-62,True
func_h_0x100005901,-564,True
func_h_0x10000599a,-653,False
func_h_0x100005a4e,-1065,True
func_h_0x100005a52,-863,False
func_h_0x100005a76,153,False
func_h_0x100005aa2,362,False
func_h_0x100005ae0,-1077,False
func_h_0x100005ae2,-274,True
func_h_0x100005aeb,-380,False
func_h_0x100005aff,-826,False
func_h_0x100005b01,-770,True
func_h_0x100005b23,129,True
func_h_0x100005b3c,-990,True
func_h_0x100005b45,394,False
func_h_0x100005b4b,286,True
func_h_0x100005b4d,-88,True
func_h_0x100005b63,147,False
func_h_0x100005b81,-318,True
func_h_0x100005b89,-236,False
func_h_0x100005b8b,-47,True
func_h_0x100005b92,-543,True
func_h_0x100005bc1,302,False
func_h_0x100005c1d,-424,True
func_h_0x100005c2a,617,False
func_h_0x100005c34,-709,True
func_h_0x100005c3b,-167,True
func_h_0x100005c3d,154,True
func_h_0x100005c43,469,False
func_h_0x100005c4c,377,True
func_h_0x100005c4e,-340,True
func_h_0x100005c57,-162,False
func_h_0x100005c59,-185,True
func_h_0x100005c62,-996,False
func_h_0x100005c78,788,True
func_h_0x100005ca2,374,False
func_h_0x100005ca4,795,True
func_h_0x100005cab,-455,False
func_h_0x100005cad,-735,True
func_h_0x100005ccb,413,False
func_h_0x100005cf5,169,False
func_h_0x100005cf7,-62,False
func_h_0x100005d07,-1172,False
func_h_0x100005d0d,427,False
func_h_0x100005d24,-510,True
func_h_0x100005df2,-180,False
func_h_0x100005e43,410,True
func_h_0x100005f51,-427,True
func_he_0x100004b80,-904,False
func_he_0x100004b88,-389,False
func_he_0x100004b8a,196,True
func_he_0x100004ba3,-77,True
func_he_0x100005731,-370,True
func_he_0x100005773,702,False
func_he_0x100005beb,218,True
func_i_0x100000414,455,True
func_i_0x100000418,50,True
func_i_0x100000452,-683,False
func_i_0x100000466,-834,True
func_i_0x10000046b,93,False
func_i_0x10000046f,-751,False
func_i_0x100000483,269,True
func_i_0x100000486,-295,False
func_i_0x10000048d,735,False
func_i_0x100000496,136,True
func_i_0x1000004af,-585,False
func_i_0x1000004c2,565,False
func_i_0x1000004da,-47,True
func_i_0x1000004dc,510,False
func_i_0x1000004f4,-978,True
func_i_0x100000519,681,True
func_i_0x10000051e,-1145,True
func_i_0x10000052f,-1055,False
func_i_0x100000541,289,True
func_i_0x10000055e,152,True
func_i_0x100000564,321,True
func_i_0x100000567,-1134,False
func_i_0x10000056d,331,False
func_i_0x100000570,-380,True
func_i_0x100000573,677,True
func_i_0x100000590,215,True
func_i_0x10000059b,528,True
func_i_0x1000005c6,-62,False
func_i_0x1000005c8,334,False
func_i_0x1000005d3,15,True
func_i_0x1000005d6,551,True
func_i_0x1000005dc,311,True
func_i_0x1000005e5,-129,False
func_i_0x1000005f3,-1167,False
func_i_0x100000608,-220,False
func_i_0x100000630,-651,True
func_i_0x100000634,369,False
func_i_0x100000636,-469,False
func_i_0x100000638,136,True
func_i_0x100000668,-858,True
func_i_0x10000067a,-233,True
func_i_0x100000683,581,True
func_i_0x1000006a5,-413,True
func_i_0x1000006c1,-1039,True
func_i_0x1000006dd,-121,False
func_i_0x1000006df,125,True
func_i_0x100000701,546,True
func_i_0x100000710,254,True
func_i_0x100000733,-335,True
func_i_0x100000737,320,True
func_i_0x10000073b,-1082,True
func_i_0x100000750,-288,True
func_i_0x100000755,-127,True
func_i_0x100000772,-1057,False
func_i_0x100004819,-680,False
func_i_0x10000481f,-908,True
func_i_0x100004837,-1189,False
func_i_0x100004855,-659,True
func_i_0x100004888,-57,False
func_i_0x10000488e,404,True
func_i_0x100004890,-815,True
func_i_0x100004892,-335,False
func_i_0x1000048f4,-967,True
func_i_0x10000494e,-553,True
func_i_0x100004963,623,False
func_i_0x10000498a,-325,True
func_i_0x100004a1a,-123,False
func_i_0x100004c46,-459,False
func_i_0x10000519f,-863,False
func_i_0x1000051f5,-331,True
func_i_0x100005219,-1118,True
func_i_0x100005249,53,True
func_i_0x100005266,50,True
func_i_0x1000053d9,787,True
func_i_0x100005596,-302,True
func_i_0x1000055f5,488,True
func_i_0x100005639,-494,False
func_i_0x1000056cd,-79,False
func_i_0x100005886,-654,False
func_i_0x100005893,522,True
func_i_0x1000058b1,1,False
func_i_0x1000058c7,687,True
func_i_0x1000058da,-1030,True
func_i_0x100005916,-733,True
func_i_0x10000591c,252,False
func_i_0x100005a40,-506,True
func_i_0x100005a58,36,True
func_i_0x100005a60,402,True
func_i_0x100005aa1,-601,True
func_i_0x100005db9,-533,False
func_i_0x100005e9c,158,False
func_i_0x100005eab,-80,True
func_i_0x100005ed3,724,True
func_i_0x100005ee2,28,True
func_i_0x100005f20,-120,False
func_i_0x100005f25,144,True
func_i_0x100005f9f,629,True
func_it_0x100005095,-366,True
func_jt_0x100000537,-195,True
func_k_0x100004dcb,-162,False
func_k_0x100004dd1,-180,True
func_k_0x100004ddb,173,False
func_k_0x100004ddd,613,True
func_k_0x100004ddf,-1155,True
func_k_0x100004def,-762,True
func_k_0x100004df1,-105,False
func_k_0x100004df3,401,False
func_k_0x100004df7,412,False
func_k_0x100004dfd,-751,False
func_k_0x100004e0d,-897,False
func_k_0x100004e17,-605,True
func_k_0x100004e1d,-1009,False
func_k_0x100004e1f,-146,True
func_k_0x100004e23,487,True
func_k_0x100004e2b,-1155,True
func_k_0x100004e2f,-1133,True
func_k_0x100004e31,314,True
func_k_0x100004e33,603,False
func_k_0x100004e35,-316,False
func_k_0x100004e37,430,False
func_k_0x100004e3b,494,True
func_k_0x100004e43,774,True
func_k_0x100004e45,54,False
func_k_0x100004e4f,553,True
func_k_0x100004e57,531,False
func_k_0x100004e5d,242,False
func_k_0x100004e5f,-1139,True
func_k_0x100004e61,-994,True
func_k_0x100004e63,-1180,False
func_k_0x100004e67,720,False
func_k_0x100004e6d,405,True
func_k_0x100004e75,176,True
func_k_0x100004e85,612,True
func_k_0x100004e87,-322,False
func_k_0x100004e89,52,True
func_k_0x100004e8d,791,True
func_k_0x100004e93,-818,False
func_k_0x100004e95,-585,False
func_k_0x100004e99,545,False
func_k_0x100004e9b,583,False
func_k_0x100004ea1,23,False
func_k_0x100004eab,207,False
func_k_0x100004ead,-739,False
func_k_0x100004eaf,509,True
func_k_0x100004eb3,311,False
func_k_0x100004eb7,-439,True
func_k_0x100004eb9,637,True
func_k_0x100004ecb,-100,True
func_k_0x100004ecd,-873,True
func_k_0x100004ecf,-703,True
func_k_0x100004ed7,-1080,True
func_k_0x100004ee7,-930,True
func_k_0x100004ee9,-49,False
func_k_0x100004eeb,-600,False
func_k_0x100004eef,-470,False
func_k_0x100004ef5,-1130,True
func_k_0x100004ef9,239,True
func_k_0x100004f01,-313,True
func_k_0x100004f09,630,False
func_k_0x100004f0d,733,False
func_k_0x100004f11,-814,True
func_k_0x100004f15,-1109,True
func_k_0x100004f17,-307,True
func_k_0x100004f19,-134,True
func_k_0x100004f23,485,False
func_k_0x100004f25,542,True
func_k_0x100004f29,-1183,True
func_k_0x100004f31,645,True
func_k_0x100004f35,-1142,True
func_k_0x100004f37,-558,False
func_k_0x100004f39,-1030,False
func_k_0x100004f3d,70,True
func_k_0x100004f41,-943,False
func_k_0x100004f45,-706,True
func_k_0x100004f4b,518,True
func_k_0x100004f4f,-505,False
func_k_0x100004f51,-919,True
func_k_0x100004f5f,-697,False
func_k_0x100004f69,-237,True
func_k_0x100004f6d,575,True
func_k_0x100004f6f,-1064,False
func_k_0x100004f75,-190,False
func_k_0x100004f7b,372,True
func_k_0x100004f7d,-44,True
func_k_0x100004f7f,-870,True
func_k_0x100004f83,81,True
func_k_0x100004f87,-891,False
func_k_0x100004f89,-693,True
func_k_0x100004f8d,-311,False
func_k_0x100004f8f,-961,True
func_k_0x100004f9b,-791,True
func_k_0x100004f9f,600,False
func_k_0x100004fa1,615,True
func_k_0x100004fa3,-996,False
func_k_0x100004fa5,-81,True
func_k_0x100004fa7,-559,False
func_k_0x100004fa9,137,True
func_k_0x100004fad,755,True
func_k_0x100004fb1,112,True
func_k_0x100004fbb,-1137,True
func_k_0x100004fbd,-82,False
func_k_0x100004fc5,-926,True
func_k_0x100004fc9,168,False
func_k_0x100004fcb,377,False
func_k_0x100004fcd,-152,True
func_k_0x100004fcf,674,False
func_k_0x100004fd1,-164,False
func_k_0x100004fd3,-252,False
func_k_0x100004fd7,-1128,True
func_k_0x100004fdf,-1019,True
func_k_0x100004fe7,-459,True
func_k_0x100004fe9,88,True
func_k_0x100004fed,-713,True
func_k_0x100004fef,-537,False
func_k_0x100004ff3,573,True
func_k_0x100004ff5,-796,True
func_k_0x100004ff7,-327,False
func_k_0x100004ff9,-688,True
func_k_0x100004fff,-279,False
func_k_0x100005001,405,False
func_k_0x100005007,287,True
func_k_0x10000500f,-1050,True
func_k_0x100005011,460,True
func_k_0x100005013,312,True
func_k_0x100005015,-990,False
func_k_0x10000501b,-169,False
func_k_0x10000501d,713,True
func_k_0x100005021,-117,False
func_k_0x100005027,533,False
func_k_0x100005029,-934,True
func_k_0x10000502b,-496,True
func_k_0x10000502d,-616,False
func_k_0x10000502f,-184,False
func_k_0x10000503d,-652,False
func_k_0x10000503f,-655,False
func_k_0x100005045,-269,False
func_k_0x100005047,471,True
func_k_0x100005049,-585,True
func_k_0x10000504f,-186,False
func_k_0x100005051,-1149,True
func_k_0x100005053,-621,True
func_k_0x100005055,296,True
func_k_0x100005057,-1133,False
func_k_0x10000505d,-406,False
func_k_0x10000505f,427,False
func_k_0x100005063,35,True
func_k_0x100005065,-221,False
func_k_0x100005067,176,False
func_k_0x100005072,105,True
func_k_0x100005075,-301,True
func_k_0x100005077,-1079,False
func_k_0x10000507a,-305,True
func_k_0x100005082,-173,False
func_k_0x100005088,-95,True
func_k_0x10000508c,-1102,False
func_k_0x100005129,-764,True
func_k_0x10000512f,-1158,True
func_l_0x1000004e9,246,True
func_l_0x1000004ed,-872,True
func_l_0x100000548,-268,True
func_l_0x10000054e,-190,True
func_l_0x10000063e,-647,False
func_l_0x1000006d8,-349,False
func_l_0x100000774,-676,False
func_l_0x100000789,281,False
func_l_0x100004857,-431,False
func_l_0x10000486a,478,True
func_l_0x100004894,666,True
func_l_0x1000048a1,700,False
func_l_0x1000048c8,214,True
func_l_0x1000048d4,-128,True
func_l_0x1000048e0,440,False
func_l_0x10000490f,-1129,True
func_l_0x100004b3c,763,False
func_l_0x100004b4b,-507,True
func_l_0x1000051c1,785,False
func_l_0x10000522c,-755,False
func_l_0x10000523b,110,False
func_l_0x10000536c,-174,True
func_l_0x1000053da,545,False
func_l_0x10000541c,-427,False
func_l_0x10000541f,543,False
func_l_0x10000558e,-365,False
func_l_0x1000055d6,-136,False
func_l_0x1000055d9,-21,True
func_l_0x100005616,-462,False
func_l_0x10000564b,-989,True
func_l_0x1000056b0,-283,False
func_l_0x100005763,767,True
func_l_0x10000590b,-1191,True
func_l_0x100005911,36,False
func_l_0x100005a6d,308,True
func_l_0x100005a97,-303,True
func_l_0x100005c7d,395,False
func_l_0x100005c8f,-643,False
func_l_0x100005cb0,473,False
func_l_0x100005d9c,728,True
func_l_0x100005db3,387,False
func_l_0x100005dd5,595,False
func_l_0x100005e1d,-521,True
func_l_0x100005e88,453,True
func_le_0x10000515b,-602,True
func_le_0x10000516b,12,False
func_le_0x100005738,32,False
func_le_0x10000573a,-508,False
func_m_0x1000004df,-176,False
func_m_0x1000004e4,-305,False
func_m_0x100000680,392,False
func_m_0x10000071f,-747,True
func_m_0x100004844,-29,True
func_m_0x100004912,-448,True
func_m_0x100004946,-678,False
func_m_0x10000497f,-688,False
func_m_0x100004981,544,True
func_m_0x100004a03,-679,False
func_m_0x100004a05,536,True
func_m_0x100004a07,-799,False
func_m_0x100004a0f,-454,True
func_m_0x100004aa1,735,True
func_m_0x100004aa9,236,False
func_m_0x100004aac,131,True
func_m_0x100004be5,-433,False
func_m_0x1000051af,93,True
func_m_0x1000051b7,416,False
func_m_0x100005211,-633,False
func_m_0x100005214,-146,False
func_m_0x100005240,-1063,False
func_m_0x100005288,-742,False
func_m_0x100005316,589,False
func_m_0x100005330,-527,False
func_m_0x100005332,-182,True
func_m_0x100005424,-1171,False
func_m_0x1000054fa,-397,False
func_m_0x1000056e3,-1005,True
func_m_0x100005749,-541,False
func_m_0x10000580d,-32,False
func_m_0x1000058ff,290,True
func_m_0x10000598e,-456,True
func_m_0x100005994,-653,True
func_m_0x100005a98,-981,False
func_m_0x100005b53,-888,True
func_m_0x100005b55,-460,True
func_m_0x100005b94,-118,False
func_m_0x100005bf9,555,False
func_m_0x100005c13,357,True
func_m_0x100005c15,-876,False
func_m_0x100005c6b,-959,True
func_m_0x100005c6d,281,False
func_m_0x100005d40,445,True
func_m_0x100005da1,-951,False
func_m_0x100005da3,-949,False
func_m_0x100005ded,484,False
func_m_0x100005ec1,395,False
func_m_0x100005f45,-265,False
func_m_0x100005f4e,-593,True
func_m_0x100005f72,-53,False
func_me_0x100004c62,-795,False
func_mt_0x100004b93,-1062,False
func_mt_0x100004b9c,-774,False
func_n_0x100000416,725,False
func_n_0x10000041f,-398,False
func_n_0x10000042f,754,False
func_n_0x10000044b,-836,True
func_n_0x100000455,-720,True
func_n_0x100000458,-641,True
func_n_0x100000479,-450,False
func_n_0x100000489,-711,False
func_n_0x100000491,244,True
func_n_0x1000004a6,-1022,False
func_n_0x1000004a8,-11,True
func_n_0x1000004bf,-250,True
func_n_0x1000004c6,50,False
func_n_0x1000004d4,-857,False
func_n_0x1000004f0,-871,True
func_n_0x1000004f2,735,True
func_n_0x1000004f7,-515,False
func_n_0x100000504,345,True
func_n_0x10000051c,-409,True
func_n_0x100000561,387,False
func_n_0x10000056a,-317,False
func_n_0x100000576,666,False
func_n_0x100000579,-447,True
func_n_0x100000580,314,True
func_n_0x100000584,-599,False
func_n_0x1000005a7,-422,False
func_n_0x1000005aa,292,False
func_n_0x1000005b6,-366,False
func_n_0x1000005c1,-1065,False
func_n_0x1000005e2,513,True
func_n_0x100000632,-420,False
func_n_0x10000063b,-165,False
func_n_0x100000664,-226,True
func_n_0x100000676,666,True
func_n_0x1000006b0,-51,True
func_n_0x1000006b7,120,False
func_n_0x1000006e9,606,True
func_n_0x1000006f6,-305,True
func_n_0x100000719,-624,False
func_n_0x10000075f,-84,True
func_n_0x100000762,682,False
func_n_0x100000764,145,False
func_n_0x10000482d,-455,False
func_n_0x100004834,594,False
func_n_0x100004875,-20,False
func_n_0x10000497c,271,True
func_n_0x100004a91,522,False
func_n_0x100004ba9,-222,False
func_n_0x100004bad,-262,False
func_n_0x100004c52,466,True
func_n_0x1000051c4,-691,True
func_n_0x100005217,65,True
func_n_0x100005245,226,False
func_n_0x10000525e,-403,True
func_n_0x1000052b1,462,False
func_n_0x1000052cd,-1150,True
func_n_0x1000052e9,-393,True
func_n_0x1000052f3,-270,False
func_n_0x10000530e,-48,True
func_n_0x100005593,-1184,False
func_n_0x1000055c1,-523,True
func_n_0x1000055c6,323,False
func_n_0x1000055e5,369,False
func_n_0x1000055e9,339,False
func_n_0x1000055f1,164,False
func_n_0x1000055fe,206,True
func_n_0x10000560d,280,False
func_n_0x100005610,-935,False
func_n_0x100005613,-932,True
func_n_0x10000584f,672,True
func_n_0x100005853,-652,True
func_n_0x10000585d,-144,True
func_n_0x100005874,-475,False
func_n_0x1000058c0,152,True
func_n_0x1000058e3,-36,True
func_n_0x1000058e6,-1189,True
func_n_0x1000058e9,-24,False
func_n_0x100005925,-620,True
func_n_0x100005a5c,786,False
func_n_0x100005dc2,-706,True
func_n_0x100005dcc,-805,False
func_n_0x100005df9,140,False
func_n_0x100005e04,-1036,False
func_n_0x100005e8b,-138,True
func_n_0x100005edb,263,False
func_n_0x100005edf,-805,True
func_n_0x100005efd,-711,True
func_n_0x100005f16,-1062,True
func_n_0x100005f2a,625,False
func_n_0x100005f42,162,False
func_nt_0x100004dbb,-1113,True
func_nt_0x100004ea9,-152,False
func_o_0x10000045a,-449,False
func_o_0x10000045f,-644,True
func_o_0x10000048f,-16,True
func_o_0x1000004b4,-1082,True
func_o_0x1000004d1,760,False
func_o_0x1000004de,477,True
func_o_0x100000508,-431,False
func_o_0x100000524,206,True
func_o_0x100000526,-649,False
func_o_0x100000528,-588,True
func_o_0x100000586,-769,False
func_o_0x100000592,445,True
func_o_0x1000005ce,262,True
func_o_0x1000005e8,-622,False
func_o_0x10000060d,-151,True
func_o_0x100000619,253,True
func_o_0x100000624,357,False
func_o_0x100000628,391,True
func_o_0x100000655,-1186,True
func_o_0x100000661,-1088,False
func_o_0x10000066b,-741,False
func_o_0x100000673,-426,True
func_o_0x10000068b,-848,False
func_o_0x1000006f9,-71,True
func_o_0x100000729,-1163,True
func_o_0x10000073e,-544,False
func_o_0x10000074b,-81,False
func_o_0x10000074d,-700,False
func_o_0x10000076a,574,False
func_o_0x100000785,-949,True
func_o_0x100004897,100,False
func_o_0x1000048a8,-877,True
func_o_0x1000048d2,-512,True
func_o_0x1000048d7,-1010,True
func_o_0x1000048de,788,True
func_o_0x100004a2a,-105,False
func_o_0x100004a34,-136,False
func_o_0x100004a65,649,True
func_o_0x100004c2c,640,False
func_o_0x100004c37,-156,False
func_o_0x100005254,-175,True
func_o_0x100005257,295,True
func_o_0x1000052d8,411,True
func_o_0x100005307,361,True
func_o_0x100005353,-804,True
func_o_0x1000053dd,-843,True
func_o_0x100005455,-213,True
func_o_0x10000564a,309,False
func_o_0x1000056de,397,True
func_o_0x1000057a3,741,True
func_o_0x10000590a,778,False
func_o_0x100005a4a,-195,False
func_o_0x100005a8f,180,False
func_o_0x100005b1f,-165,False
func_o_0x100005b36,248,True
func_o_0x100005b3f,767,False
func_o_0x100005b85,274,False
func_o_0x100005c2e,173,True
func_o_0x100005c37,-1130,True
func_o_0x100005c48,-722,True
func_o_0x100005d0a,18,False
func_o_0x100005dad,-1111,False
func_o_0x100005e0d,-477,False
func_o_0x100005e65,-1015,False
func_o_0x100005e90,88,False
func_o_0x100005eb0,-231,False
func_o_0x100005ef0,-20,False
func_o_0x100005efa,-336,True
func_o_0x100005f79,368,True
func_o_0x100005f7f,-101,True
func_oe_0x100005393,555,True
func_oe_0x100005438,-182,False
func_oe_0x100005700,700,True
func_p_0x10000043e,-591,True
func_p_0x1000004a3,-97,True
func_p_0x1000004e2,289,True
func_p_0x100000716,-172,False
func_p_0x10000484d,313,False
func_p_0x10000487b,379,True
func_p_0x1000048a3,-1162,False
func_p_0x1000048a5,-947,False
func_p_0x1000048cd,-560,True
func_p_0x1000048cf,-346,True
func_p_0x1000048d9,721,True
func_p_0x1000048db,186,True
func_p_0x1000048e7,61,True
func_p_0x100004a35,591,True
func_p_0x100004a39,-754,False
func_p_0x100004a62,207,False
func_p_0x100004a8e,233,False
func_p_0x100004ab5,-801,True
func_p_0x100004ad4,-158,False
func_p_0x100004ad9,40,True
func_p_0x100004b0e,-1192,False
func_p_0x100004b21,-1097,True
func_p_0x100004bc3,-762,True
func_p_0x100004be0,-929,True
func_p_0x100004be2,-1174,True
func_p_0x100004c27,540,True
func_p_0x100004c29,116,False
func_p_0x100004c30,-1113,False
func_p_0x1000051fb,-1169,False
func_p_0x10000522f,-450,True
func_p_0x1000052bf,466,True
func_p_0x1000052e6,-835,True
func_p_0x10000545a,591,False
func_p_0x100005545,732,True
func_p_0x1000055d0,-216,True
func_p_0x10000566d,-308,True
func_p_0x1000056b5,-314,True
func_p_0x10000575f,-851,False
func_p_0x100005904,88,True
func_p_0x10000598c,641,True
func_p_0x100005a47,348,True
func_p_0x100005b8e,-506,False
func_p_0x100005bb1,641,True
func_p_0x100005c23,567,True
func_p_0x100005cc7,-422,True
func_p_0x100005f3e,510,True
func_pa_0x1000059f1,437,True
func_pe_0x100005165,271,True
func_pe_0x10000542f,-751,False
func_pe_0x10000543a,511,False
func_pe_0x10000544d,552,True
func_pe_0x100005482,514,False
func_pe_0x100005484,-1173,True
func_pe_0x100005486,304,True
func_pe_0x10000548c,-1079,False
func_pe_0x10000548e,-506,True
func_pe_0x1000056fc,801,True
func_pe_0x10000572b,-90,False
func_pe_0x10000572d,-1114,True
func_pe_0x100005736,-587,True
func_pe_0x100005799,509,True
func_pe_0x10000579b,335,True
func_q_0x1000049bc,-754,False
func_q_0x1000049d9,-686,False
func_q_0x1000049df,-881,True
func_q_0x1000049e1,-599,True
func_q_0x10000516e,100,False
func_q_0x100005431,116,True
func_q_0x100005570,124,True
func_q_0x10000568f,109,False
func_q_0x1000056ad,482,False
func_q_0x100005bea,-8,False
func_qe_0x100005112,239,False
func_qe_0x100005116,-628,False
func_r_0x100000431,342,False
func_r_0x10000047e,-931,True
func_r_0x1000004ac,-913,True
func_r_0x1000004b1,-869,True
func_r_0x10000052b,482,True
func_r_0x1000005ad,-439,False
func_r_0x1000006bf,-700,False
func_r_0x1000006c9,-489,True
func_r_0x1000006db,535,False
func_r_0x1000006e7,-1132,True
func_r_0x1000006ff,-699,True
func_r_0x100000706,-851,False
func_r_0x10000070e,-740,True
func_r_0x10000072d,683,True
func_r_0x10000077f,-744,False
func_r_0x100000783,139,False
func_r_0x100004830,-1158,False
func_r_0x100004847,615,False
func_r_0x100004bb4,-1169,False
func_r_0x100004d88,-171,True
func_r_0x100005292,-206,False
func_r_0x1000052c2,-118,True
func_r_0x1000052db,-930,True
func_r_0x10000559a,705,True
func_r_0x100005636,224,False
func_r_0x100005642,144,False
func_r_0x100005644,-884,False
func_r_0x100005858,169,False
func_r_0x100005862,-1113,False
func_r_0x100005866,665,False
func_r_0x100005869,-797,False
func_r_0x10000587a,-221,False
func_r_0x1000058d6,-550,True
func_r_0x1000058f0,-758,False
func_r_0x100005a55,-889,False
func_r_0x100005daa,698,False
func_r_0x100005e9a,-1027,True
func_r_0x100005ecf,-551,True
func_re_0x100005096,-771,False
func_re_0x10000509a,-1170,False
func_re_0x10000509c,266,True
func_re_0x1000050a0,706,False
func_re_0x1000050a2,-1125,True
func_re_0x1000050a4,220,True
func_re_0x1000050a8,-82,True
func_re_0x1000050aa,-152,False
func_re_0x1000050ac,617,False
func_re_0x1000050ae,-1192,False
func_re_0x1000050b0,451,True
func_re_0x1000050b6,219,True
func_re_0x1000050bc,435,False
func_re_0x1000050be,445,True
func_re_0x1000050c0,-565,True
func_re_0x1000050c6,-615,True
func_re_0x1000050cc,690,False
func_re_0x1000050d6,782,False
func_re_0x1000050e2,452,True
func_re_0x1000050e6,-823,False
func_re_0x1000050e8,259,False
func_re_0x1000050ee,-748,True
func_re_0x1000050f0,-1008,True
func_re_0x1000050f2,-381,False
func_re_0x1000050f4,209,False
func_re_0x1000050f6,-308,False
func_re_0x1000050f8,730,False
func_re_0x100005100,224,False
func_re_0x100005102,-387,False
func_re_0x100005104,516,False
func_re_0x100005110,333,True
func_re_0x100005118,-1066,True
func_re_0x10000511a,-1177,False
func_re_0x10000511e,-192,False
func_rn_0x100004dc2,-560,True
func_rn_0x100004edb,-484,True
func_s_0x100000441,-520,True
func_s_0x100000499,-352,False
func_s_0x1000004b7,711,True
func_s_0x1000004c8,427,False
func_s_0x100000544,-1094,True
func_s_0x10000058c,637,False
func_s_0x10000064c,621,True
func_s_0x100000689,151,False
func_s_0x1000006cb,-94,False
func_s_0x100000713,-1169,True
func_s_0x100000741,-914,True
func_s_0x100004822,32,False
func_s_0x1000048c6,-581,True
func_s_0x1000048cb,-1111,True
func_s_0x1000048e3,647,False
func_s_0x100004926,-634,True
func_s_0x100004bb7,-51,True
func_s_0x100004c0f,213,True
func_s_0x100004c55,696,False
func_s_0x100005137,-612,False
func_s_0x100005222,-1178,False
func_s_0x100005272,684,False
func_s_0x100005401,-288,True
func_s_0x10000563f,-759,False
func_s_0x1000057bc,356,True
func_s_0x1000057cd,-574,True
func_s_0x100005898,411,True
func_s_0x1000058ae,-937,False
func_s_0x100005922,-494,True
func_s_0x100005a72,-708,True
func_s_0x100005a89,-511,False
func_s_0x100005adc,710,False
func_s_0x100005b48,-763,False
func_s_0x100005ba9,322,False
func_s_0x100005c52,702,True
func_s_0x100005c72,157,False
func_s_0x100005cfa,168,False
func_s_0x100005d02,-1139,False
func_s_0x100005d13,-666,True
func_s_0x100005d1d,116,False
func_s_0x100005d3a,323,True
func_s_0x100005e6e,-683,False
func_s_0x100005e71,-900,True
func_s_0x100005e95,-400,False
func_s_0x100005ea0,-1,True
func_s_0x100005fa6,16,False
func_s_0x100005fb1,-903,True
func_se_0x100004a4d,-554,False
func_se_0x100004b82,-745,False
func_se_0x100004b84,-961,True
func_se_0x100004b86,-77,True
func_se_0x100005162,-652,True
func_se_0x100005727,-1005,False
func_se_0x100005768,-594,True
func_se_0x100005771,-1024,False
func_se_0x100005775,-764,True
func_se_0x100005795,-608,False
func_se_0x100005797,-1145,False
func_se_0x1000059c8,247,False
func_se_0x100005be6,586,True
func_se_0x100005be8,319,False
func_sr_0x100004d93,442,False
func_su_0x100005d95,-476,False
func_te_0x1000049c5,-1046,True
func_te_0x100004a47,-467,True
func_te_0x100004a4b,-923,False
func_te_0x100005481,556,False
func_te_0x100005518,-969,False
func_te_0x100005746,739,False
func_te_0x10000576e,534,False
func_te_0x100005bdc,-596,True
func_te_0x100005be0,-430,False
func_te_0x100005be2,-619,False
func_tn_0x100004d92,15,True
func_tn_0x100004ed3,-876,False
func_u_0x100000475,-806,False
func_u_0x1000004bb,-883,True
func_u_0x10000050d,-1107,False
func_u_0x1000006c5,-665,True
func_u_0x1000006d3,660,False
func_u_0x1000006fc,-1155,True
func_u_0x10000075b,537,True
func_u_0x10000487e,-847,False
func_u_0x1000048f6,-1041,False
func_u_0x100004943,-732,False
func_u_0x100004a0e,-710,False
func_u_0x100004a6d,-348,True
func_u_0x100004c5e,614,True
func_u_0x1000051bc,240,True
func_u_0x100005259,398,True
func_u_0x100005294,-4,False
func_u_0x100005304,-1154,False
func_u_0x10000532f,-232,False
func_u_0x10000542c,-125,True
func_u_0x10000560a,-701,False
func_u_0x100005653,-414,False
func_u_0x1000056e2,-15,True
func_u_0x10000575a,-759,False
func_u_0x1000058bc,-532,True
func_u_0x100005a7b,580,False
func_u_0x100005a8c,-304,False
func_u_0x100005aa6,-424,True
func_u_0x100005ad2,-1108,False
func_u_0x100005b66,121,True
func_u_0x100005dbc,-99,False
func_u_0x100005e17,265,False
func_u_0x100005e1a,-443,False
func_u_0x100005ecc,568,True
func_u_0x100005f65,126,True
func_ue_0x10000572f,-89,True
func_ue_0x100005734,-1007,False
func_ue_0x10000576c,-1159,True
func_ue_0x100005790,-296,True
func_ue_0x100005793,-170,True
func_ue_0x1000057af,114,True
func_unknown_0x100000613,-192,True
func_unknown_0x10000069d,-929,False
func_unknown_0x100000777,-338,True
func_unknown_0x10000498c,-767,False
func_unknown_0x100004a13,245,False
func_unknown_0x100004a17,-1140,True
func_unknown_0x100004ada,-606,False
func_unknown_0x100004adf,-1099,False
func_unknown_0x100004ae1,-296,True
func_unknown_0x100004b0f,-96,True
func_unknown_0x100004b11,-368,True
func_unknown_0x100004b25,153,False
func_unknown_0x100004bc5,-432,False
func_unknown_0x100004bd7,-1170,False
func_unknown_0x100004bf3,-617,False
func_unknown_0x100004bf9,-274,True
func_unknown_0x100004bff,-326,False
func_unknown_0x100004c01,795,True
func_unknown_0x100004c39,-503,True
func_unknown_0x100004c3d,-372,True
func_unknown_0x1000051b3,-655,True
func_unknown_0x10000520a,-1160,True
func_unknown_0x100005402,-158,False
func_unknown_0x100005404,-143,True
func_unknown_0x100005420,625,False
func_unknown_0x100005422,-1026,False
func_unknown_0x10000549d,529,True
func_unknown_0x100005517,-507,True
func_unknown_0x1000056b1,-735,False
func_unknown_0x1000056f7,-515,False
func_unknown_0x100005726,-508,True
func_unknown_0x1000057a4,-1192,True
func_unknown_0x1000057bd,440,False
func_unknown_0x1000057c6,238,True
func_unknown_0x1000057e0,300,False
func_unknown_0x1000057fc,-457,False
func_unknown_0x100005992,-239,False
func_unknown_0x100005a82,-601,True
func_unknown_0x100005b30,77,False
func_unknown_0x100005b33,154,False
func_unknown_0x100005bc4,-1178,True
func_unknown_0x100005d42,-1033,False
func_unknown_0x100005da5,-118,True
func_unknown_0x100005da7,-757,False
func_unknown_0x100005f47,519,False
func_unknown_0x100005f6f,-637,False
func_unknown_0x100005f76,-1111,True
func_unknown_0x100005f92,-690,False
func_v_0x1000048ff,-5,False
func_v_0x100004905,164,True
func_v_0x100004907,-744,False
func_v_0x10000490c,274,False
func_v_0x100004bda,373,True
func_v_0x100004c13,-747,True
func_v_0x1000051d2,-143,True
func_v_0x1000051d6,-269,False
func_v_0x1000051da,-318,True
func_v_0x1000051dc,623,False
func_v_0x1000051e0,703,False
func_v_0x100005369,779,True
func_v_0x1000054a9,-209,True
func_v_0x1000054ab,-356,True
func_v_0x1000054bd,673,False
func_v_0x10000565d,-631,False
func_v_0x10000565f,715,False
func_v_0x100005753,452,True
func_v_0x1000057bf,511,False
func_v_0x1000057c7,-823,False
func_v_0x10000581b,-601,True
func_v_0x100005ab4,-596,True
func_v_0x100005ac4,-1019,True
func_v_0x100005b67,246,True
func_v_0x100005c98,-262,True
func_v_0x100005c9b,-409,True
func_v_0x100005cb9,302,False
func_v_0x100005de3,-57,True
func_v_0x100005e2d,244,True
func_v_0x100005f49,790,False
func_v_0x100005f61,-991,True
func_w_0x1000048b6,507,True
func_w_0x100004935,-248,False
func_w_0x100004959,-14,False
func_w_0x100004966,-1180,True
func_w_0x10000496c,-495,False
func_w_0x100004970,-323,False
func_w_0x100004979,240,True
func_w_0x10000498f,-401,True
func_w_0x100004995,562,False
func_w_0x1000049f4,-866,True
func_w_0x100004abb,143,False
func_w_0x100004abd,524,True
func_w_0x100004b3d,89,False
func_w_0x100004b7b,-887,True
func_w_0x100004b7d,274,False
func_w_0x100004c17,121,False
func_w_0x100005146,-465,False
func_w_0x10000518d,573,False
func_w_0x10000540f,-811,False
func_w_0x1000054b8,-1060,True
func_w_0x100005546,-494,False
func_w_0x100005555,-670,False
func_w_0x1000055b6,451,False
func_w_0x10000568e,-541,False
func_w_0x1000057b2,-734,False
func_w_0x1000057b9,-867,False
func_w_0x100005829,50,True
func_w_0x1000059ac,-782,False
func_w_0x1000059b0,119,False
func_w_0x1000059b4,-653,True
func_w_0x1000059b6,493,False
func_w_0x1000059b8,-1057,True
func_w_0x100005aca,391,True
func_w_0x100005acc,-330,True
func_w_0x100005cd0,585,False
func_w_0x100005cd2,114,False
func_w_0x100005cd4,56,False
func_w_0x100005cd9,61,False
func_w_0x100005ced,501,False
func_w_0x100005e4c,-261,False
func_w_0x100005e5a,-1026,True
func_x_0x1000049f0,-76,True
func_x_0x100004aca,-259,False
func_x_0x100004acc,390,True
func_x_0x100004b01,193,False
func_x_0x100004b03,-445,False
func_x_0x100004b05,-515,False
func_x_0x10000519a,-972,False
func_x_0x10000519c,-171,True
func_x_0x1000051d0,-881,False
func_x_0x1000052a1,-376,False
func_x_0x1000052a3,-26,False
func_x_0x10000533c,381,True
func_x_0x100005381,-163,True
func_x_0x100005418,178,True
func_x_0x1000054d3,639,False
func_x_0x1000054d7,447,False
func_x_0x1000055a9,-613,False
func_x_0x1000055ad,-1006,False
func_x_0x1000055ba,-1053,True
func_x_0x10000574b,85,True
func_x_0x100005840,-26,True
func_x_0x100005ab7,515,False
func_x_0x100005c86,33,True
func_x_0x100005cba,-186,False
func_x_0x100005cdb,-807,False
func_x_0x100005de6,-451,False
func_x_0x100005e60,-907,True
func_x_0x100005f57,-43,False
func_x_0x100005f95,-1043,False
func_xe_0x1000053ac,-818,False
func_xe_0x1000053b2,-299,False
func_xe_0x1000053ba,-206,False
func_xe_0x1000053bc,-94,True
func_xe_0x1000053be,-695,True
func_xe_0x1000053d2,-794,False
func_xe_0x1000053d6,-1058,False
func_xe_0x100005701,-8,True
func_xe_0x10000593e,-585,True
func_xe_0x100005946,-705,True
func_xe_0x10000594c,96,False
func_xe_0x100005961,416,False
func_xe_0x100005968,-764,True
func_xe_0x10000596e,-1066,False
func_xe_0x100005983,-940,True
func_xe_0x100005987,-65,False
func_y_0x100004903,730,False
func_y_0x1000049f2,-1023,True
func_y_0x1000049f8,-308,True
func_y_0x1000049ff,410,True
func_y_0x100004b07,-531,False
func_y_0x100004b09,-478,True
func_y_0x100004b0b,427,True
func_y_0x100004b66,563,True
func_y_0x100004c11,76,False
func_y_0x100004c15,-369,False
func_y_0x1000051d8,-118,False
func_y_0x1000051de,-378,True
func_y_0x1000052a5,345,True
func_y_0x100005359,-357,True
func_y_0x10000540d,608,True
func_y_0x10000549e,784,False
func_y_0x1000054e0,-1146,False
func_y_0x1000055b2,739,False
func_y_0x100005659,-52,False
func_y_0x10000565b,-365,True
func_y_0x100005670,153,False
func_y_0x100005825,-629,False
func_y_0x100005827,-332,False
func_y_0x100005835,-191,False
func_y_0x100005844,-189,False
func_y_0x100005848,-841,False
func_y_0x100005aae,-551,True
func_y_0x100005ac7,-526,False
func_y_0x100005de8,618,True
func_y_0x100005e52,783,True
func_y_0x100005e54,-396,False
func_y_0x100005e57,-28,True
func_y_0x100005f99,616,True
func_yn_0x100004de2,-239,False
func_yn_0x100004ec5,-306,True
func_z_0x1000049c0,-993,False
func_z_0x100004a40,-1018,True
func_z_0x100004a42,-730,False
func_z_0x100004a44,182,False
func_z_0x100004a49,-1131,True
func_z_0x100004a51,-375,False
func_z_0x100005499,-73,False
func_z_0x10000568a,-422,False
func_z_0x100005693,-1151,True
func_z_0x100005bde,591,True
func_z_0x100005be4,-875,True
func_z_0x100005bee,-20,True
